,Age,Gender,Occupation
1,1,1,10
2,56,0,16
3,25,0,15
4,45,0,7
5,25,0,20
6,50,1,9
7,35,0,1
8,25,0,12
9,25,0,17
10,35,1,1
11,25,1,1
12,25,0,12
13,45,0,1
14,35,0,0
15,25,0,7
16,35,1,0
17,50,0,1
18,18,1,3
19,1,0,10
20,25,0,14
21,18,0,16
22,18,0,15
23,35,0,0
24,25,1,7
25,18,0,4
26,25,0,7
27,25,0,11
28,25,1,1
29,35,0,7
30,35,1,7
31,56,0,7
32,25,1,0
33,45,0,3
34,18,1,0
35,45,0,1
36,25,0,3
37,25,1,9
38,18,1,4
39,18,0,4
40,45,0,0
41,18,1,4
42,25,0,8
43,25,0,12
44,45,0,17
45,45,1,16
46,18,0,19
47,18,0,4
48,25,0,4
49,18,0,12
50,25,1,2
51,1,1,10
52,18,0,4
53,25,0,0
54,50,0,1
55,35,1,12
56,35,0,20
57,18,0,19
58,25,0,2
59,50,1,1
60,50,0,1
61,25,0,17
62,35,1,3
63,18,0,4
64,18,0,1
65,35,0,12
66,25,0,18
67,50,1,5
68,18,0,4
69,25,1,1
70,18,0,4
71,25,0,14
72,45,1,0
73,18,0,4
74,35,0,14
75,1,1,10
76,35,0,7
77,18,0,4
78,45,1,1
79,45,1,0
80,56,0,1
81,25,1,0
82,25,0,17
83,25,1,2
84,18,0,4
85,18,0,4
86,1,1,10
87,25,0,14
88,45,1,1
89,56,1,9
90,56,0,13
91,35,0,7
92,18,1,4
93,25,0,17
94,25,0,17
95,45,0,0
96,25,1,16
97,35,1,3
98,35,1,7
99,1,1,10
100,35,0,17
101,18,1,3
102,35,0,19
103,45,0,7
104,25,0,12
105,45,0,12
106,35,1,11
107,45,0,18
108,25,0,12
109,45,0,15
110,25,0,2
111,35,0,15
112,25,0,16
113,18,0,12
114,25,1,2
115,25,0,17
116,25,0,17
117,25,0,17
118,35,0,17
119,1,1,10
120,25,0,11
121,35,0,7
122,18,1,4
123,35,0,9
124,56,0,7
125,45,0,14
126,18,0,9
127,45,1,3
128,56,0,6
129,25,0,11
130,35,0,17
131,18,0,4
132,25,0,17
133,25,1,0
134,25,0,0
135,18,0,4
136,18,0,2
137,45,1,6
138,18,0,20
139,25,1,20
140,35,1,1
141,35,0,13
142,25,0,7
143,18,0,3
144,25,0,17
145,18,0,4
146,35,1,20
147,18,0,4
148,50,0,17
149,25,0,1
150,35,0,7
151,25,1,20
152,18,0,4
153,1,0,10
154,50,0,20
155,35,0,12
156,45,1,7
157,35,0,16
158,56,0,7
159,45,1,0
160,35,0,7
161,45,0,16
162,18,1,4
163,18,0,4
164,56,1,13
165,18,0,16
166,18,0,4
167,25,1,11
168,50,1,0
169,25,0,7
170,25,0,11
171,50,1,17
172,25,0,3
173,25,0,0
174,25,0,16
175,25,1,2
176,18,1,3
177,50,0,1
178,56,0,17
179,25,0,0
180,45,0,12
181,18,0,17
182,18,0,4
183,45,1,1
184,25,1,0
185,45,0,0
186,18,0,5
187,45,1,1
188,56,0,16
189,18,0,0
190,25,0,17
191,18,0,4
192,18,0,1
193,45,1,15
194,1,1,10
195,25,0,12
196,35,1,9
197,18,0,14
198,25,0,12
199,18,0,4
200,18,1,4
201,35,1,2
202,18,0,4
203,18,1,4
204,25,0,7
205,35,0,12
206,25,0,17
207,25,0,12
208,35,0,17
209,35,0,1
210,1,1,10
211,45,0,17
212,25,0,16
213,18,1,4
214,18,0,20
215,35,0,14
216,45,0,13
217,18,0,4
218,35,0,14
219,25,1,4
220,25,0,12
221,25,1,0
222,25,0,1
223,25,0,17
224,18,1,4
225,25,0,7
226,35,0,1
227,35,0,20
228,25,0,15
229,18,0,10
230,45,0,1
231,25,0,3
232,25,0,20
233,45,1,20
234,35,0,7
235,25,0,0
236,25,0,5
237,25,0,6
238,50,1,7
239,18,0,19
240,50,0,17
241,35,0,20
242,18,1,4
243,25,0,16
244,50,0,7
245,35,0,16
246,18,1,4
247,25,0,17
248,18,0,17
249,18,1,14
250,35,0,16
251,56,0,17
252,25,0,12
253,25,1,11
254,35,0,17
255,35,0,0
256,45,0,16
257,18,0,18
258,25,0,7
259,25,0,1
260,18,0,19
261,25,0,20
262,25,1,1
263,25,1,7
264,35,0,0
265,35,1,7
266,35,0,11
267,45,0,12
268,18,1,12
269,25,0,2
270,50,0,14
271,18,0,4
272,18,0,0
273,18,0,4
274,18,0,4
275,25,0,0
276,45,0,16
277,35,1,1
278,45,0,18
279,25,0,14
280,50,0,7
281,35,1,0
282,25,0,17
283,25,0,0
284,25,0,12
285,35,1,0
286,25,0,1
287,50,0,13
288,25,1,12
289,25,1,0
290,25,1,20
291,35,0,12
292,35,0,7
293,56,0,1
294,45,1,9
295,18,0,0
296,50,0,5
297,18,0,2
298,18,1,4
299,25,0,12
300,25,0,7
301,18,0,4
302,18,0,4
303,25,0,7
304,25,0,0
305,18,1,0
306,18,0,0
307,50,0,16
308,25,0,2
309,25,0,4
310,18,1,4
311,18,0,4
312,50,1,2
313,18,1,4
314,56,1,9
315,56,1,1
316,56,0,13
317,35,0,7
318,56,1,13
319,50,1,6
320,35,0,6
321,18,0,4
322,56,0,17
323,45,0,12
324,35,0,17
325,50,1,3
326,50,0,11
327,35,0,18
328,35,0,12
329,35,0,7
330,56,0,7
331,25,0,7
332,50,0,1
333,35,0,2
334,56,1,2
335,35,0,18
336,18,0,0
337,18,0,19
338,35,0,7
339,50,0,7
340,25,1,3
341,56,1,13
342,18,0,12
343,35,1,3
344,35,0,14
345,25,0,12
346,25,1,0
347,56,1,1
348,50,0,7
349,1,0,10
350,45,0,20
351,18,0,4
352,18,0,4
353,35,1,7
354,35,0,1
355,18,0,3
356,56,0,20
357,18,0,0
358,56,1,1
359,25,0,17
360,35,0,17
361,25,1,14
362,35,0,20
363,18,0,10
364,35,1,1
365,18,1,4
366,50,0,15
367,50,0,12
368,25,0,0
369,35,0,1
370,18,0,17
371,18,0,4
372,18,1,4
373,25,1,2
374,35,1,14
375,25,0,2
376,35,0,1
377,25,0,17
378,18,1,0
379,35,1,1
380,25,0,2
381,35,0,17
382,35,1,20
383,25,1,7
384,25,0,11
385,25,0,6
386,25,0,0
387,35,1,7
388,25,1,0
389,25,0,6
390,25,0,4
391,45,0,11
392,18,0,7
393,35,0,17
394,18,0,0
395,18,0,5
396,25,0,1
397,35,0,17
398,25,0,17
399,35,1,6
400,18,1,3
401,18,0,0
402,25,0,11
403,18,0,4
404,18,0,4
405,56,0,1
406,25,0,20
407,18,0,17
408,25,0,11
409,18,0,12
410,25,1,1
411,45,1,1
412,35,0,15
413,25,0,11
414,25,0,0
415,35,1,0
416,45,0,14
417,25,1,0
418,25,1,3
419,18,0,3
420,35,0,1
421,45,1,3
422,56,0,17
423,18,0,4
424,25,0,17
425,25,0,12
426,18,0,4
427,35,0,12
428,18,1,4
429,18,0,0
430,18,1,10
431,18,0,10
432,45,0,16
433,50,0,6
434,45,1,3
435,25,0,7
436,18,0,4
437,35,0,17
438,18,0,11
439,35,0,14
440,56,0,1
441,35,0,1
442,25,0,1
443,25,0,3
444,56,0,0
445,45,0,12
446,50,1,0
447,45,1,11
448,25,0,17
449,25,0,7
450,45,0,1
451,56,0,13
452,50,0,17
453,18,0,4
454,25,0,20
455,35,1,2
456,35,0,0
457,18,0,4
458,50,0,16
459,18,1,4
460,45,0,18
461,50,0,7
462,18,0,16
463,25,0,7
464,18,1,4
465,18,0,19
466,25,0,5
467,35,1,3
468,1,1,10
469,35,0,6
470,1,1,10
471,35,0,7
472,35,0,0
473,18,1,4
474,25,0,17
475,25,1,2
476,35,0,0
477,35,0,14
478,50,0,16
479,25,0,12
480,18,1,4
481,45,0,7
482,25,0,14
483,18,0,12
484,1,1,10
485,56,0,7
486,56,0,0
487,35,1,17
488,25,0,12
489,18,0,4
490,1,0,10
491,18,0,4
492,25,0,12
493,50,0,7
494,35,1,0
495,18,0,10
496,18,0,4
497,25,1,17
498,35,0,17
499,25,1,1
500,18,1,2
501,25,0,2
502,35,0,6
503,35,0,11
504,25,0,2
505,35,0,17
506,25,0,16
507,25,1,0
508,25,0,12
509,25,0,2
510,18,0,12
511,45,1,4
512,35,0,0
513,25,0,0
514,25,0,2
515,25,0,1
516,56,1,14
517,25,1,14
518,35,1,12
519,35,1,14
520,35,1,20
521,56,0,7
522,25,0,12
523,50,0,7
524,18,0,0
525,35,0,6
526,45,0,17
527,25,1,2
528,18,1,17
529,35,0,12
530,25,0,2
531,18,1,14
532,25,0,7
533,25,0,12
534,25,0,15
535,35,0,6
536,25,0,20
537,45,0,14
538,56,0,16
539,25,0,2
540,18,0,1
541,18,1,4
542,18,0,4
543,25,0,5
544,35,0,12
545,35,0,17
546,25,1,0
547,35,0,12
548,35,1,16
549,25,0,6
550,45,0,8
551,35,0,20
552,50,0,18
553,25,0,2
554,25,0,12
555,18,0,4
556,25,1,9
557,56,0,1
558,35,0,20
559,25,1,7
560,45,0,15
561,18,1,14
562,35,0,20
563,25,0,4
564,45,0,1
565,25,0,16
566,25,0,17
567,35,0,20
568,50,1,17
569,18,1,4
570,25,0,4
571,50,0,5
572,18,0,4
573,35,1,2
574,25,0,19
575,25,0,12
576,45,1,15
577,35,0,0
578,18,0,17
579,25,0,5
580,1,0,10
581,50,0,14
582,18,0,4
583,25,1,0
584,25,1,0
585,18,0,1
586,35,0,14
587,25,0,20
588,25,1,11
589,18,0,2
590,35,1,6
591,25,0,0
592,18,0,0
593,50,1,1
594,56,1,13
595,25,0,7
596,25,1,1
597,35,0,12
598,35,0,7
599,50,0,6
600,35,0,17
601,18,1,20
602,56,1,6
603,25,1,6
604,45,0,17
605,18,1,4
606,1,1,10
607,25,0,0
608,18,0,4
609,25,0,7
610,25,0,4
611,35,0,0
612,50,0,7
613,35,0,20
614,35,0,1
615,50,0,17
616,25,0,7
617,25,1,7
618,25,0,0
619,18,1,1
620,18,0,0
621,18,0,4
622,25,0,0
623,25,0,17
624,25,0,1
625,35,1,12
626,18,0,4
627,50,0,2
628,35,1,0
629,1,1,10
630,35,1,14
631,35,0,17
632,45,0,17
633,25,0,17
634,1,1,10
635,56,0,17
636,18,0,20
637,35,0,12
638,25,0,6
639,45,0,17
640,18,0,4
641,35,1,0
642,35,1,1
643,25,0,2
644,25,0,20
645,35,0,20
646,35,0,7
647,35,0,12
648,25,1,12
649,25,0,4
650,25,0,17
651,35,0,7
652,18,0,20
653,56,0,13
654,50,0,7
655,25,1,2
656,45,1,16
657,50,1,13
658,25,1,0
659,25,1,0
660,45,0,16
661,45,0,1
662,18,0,4
663,25,1,7
664,35,0,18
665,18,0,2
666,18,1,0
667,25,0,18
668,25,1,3
669,25,0,17
670,25,0,12
671,18,0,4
672,35,0,7
673,25,0,20
674,25,0,17
675,25,0,20
676,18,0,16
677,50,0,2
678,25,0,0
679,35,0,16
680,25,0,12
681,35,0,7
682,25,0,4
683,25,0,4
684,25,0,4
685,25,0,4
686,18,0,4
687,25,1,7
688,56,0,13
689,50,1,0
690,25,0,12
691,35,0,11
692,25,1,0
693,35,0,12
694,18,0,4
695,18,1,1
696,25,0,12
697,50,1,6
698,18,0,4
699,18,0,0
700,50,0,17
701,18,1,4
702,35,0,7
703,56,1,1
704,35,1,8
705,25,0,4
706,35,0,20
707,35,0,7
708,25,0,0
709,18,0,0
710,25,0,20
711,25,0,18
712,25,0,0
713,35,0,7
714,18,0,4
715,18,0,0
716,18,0,4
717,25,0,11
718,18,0,2
719,1,0,0
720,18,0,0
721,35,1,9
722,25,0,12
723,25,0,12
724,50,0,13
725,56,0,11
726,25,1,9
727,35,0,11
728,25,0,6
729,35,0,12
730,25,0,0
731,45,0,3
732,25,0,7
733,35,0,16
734,25,0,7
735,25,0,14
736,18,0,12
737,1,0,19
738,18,0,17
739,35,0,12
740,25,0,14
741,25,0,5
742,18,0,0
743,1,1,2
744,25,0,17
745,1,0,10
746,18,1,19
747,18,0,4
748,25,0,0
749,35,0,18
750,35,1,9
751,25,1,17
752,25,1,3
753,1,0,10
754,35,0,7
755,35,1,0
756,35,0,0
757,25,0,12
758,35,0,7
759,56,1,3
760,56,0,15
761,18,0,7
762,1,0,10
763,18,0,10
764,18,0,20
765,25,0,17
766,25,1,7
767,25,0,12
768,25,0,12
769,45,0,17
770,18,0,4
771,50,1,1
772,18,0,12
773,25,0,6
774,18,0,4
775,1,0,17
776,25,1,3
777,18,0,19
778,18,0,17
779,25,0,0
780,25,0,17
781,18,0,4
782,56,0,1
783,25,0,4
784,18,0,0
785,18,0,19
786,25,0,0
787,18,0,4
788,25,0,0
789,18,0,1
790,25,0,17
791,35,0,7
792,25,0,17
793,35,1,14
794,50,0,20
795,35,1,14
796,50,0,6
797,50,1,7
798,25,1,20
799,25,1,5
800,35,1,12
801,25,1,20
802,25,0,16
803,18,0,4
804,25,0,20
805,35,0,12
806,35,0,0
807,18,0,4
808,25,0,7
809,25,0,17
810,25,0,12
811,50,0,0
812,25,0,6
813,18,0,4
814,18,1,4
815,25,0,4
816,45,0,0
817,18,0,4
818,18,0,4
819,35,0,7
820,35,0,7
821,18,0,2
822,25,1,1
823,25,0,0
824,35,0,12
825,56,0,1
826,35,1,1
827,45,0,2
828,18,0,4
829,1,0,19
830,35,0,7
831,45,1,0
832,18,0,2
833,35,0,7
834,35,1,12
835,56,0,0
836,25,0,11
837,56,0,7
838,50,0,17
839,25,0,0
840,25,1,3
841,50,1,14
842,18,1,0
843,25,0,7
844,25,0,0
845,18,1,0
846,25,0,5
847,25,1,7
848,25,0,15
849,25,0,3
850,35,0,0
851,18,0,4
852,25,0,5
853,25,0,17
854,25,1,16
855,18,1,2
856,45,1,6
857,35,0,17
858,35,0,14
859,25,0,12
860,18,0,0
861,25,0,7
862,35,0,7
863,25,0,7
864,25,1,0
865,35,0,1
866,1,0,10
867,45,0,12
868,50,0,17
869,18,0,20
870,25,1,1
871,1,0,10
872,50,0,1
873,56,0,6
874,45,0,15
875,1,0,10
876,25,0,4
877,25,0,0
878,18,0,2
879,45,0,16
880,35,0,17
881,18,0,14
882,18,0,2
883,35,1,14
884,1,0,10
885,35,0,0
886,56,1,0
887,56,1,16
888,1,1,10
889,45,0,20
890,18,0,4
891,25,0,1
892,35,0,0
893,50,1,6
894,18,0,4
895,50,0,1
896,18,0,15
897,25,0,6
898,25,0,7
899,25,1,1
900,56,1,13
901,56,1,0
902,56,0,0
903,56,0,13
904,35,0,20
905,45,1,12
906,1,0,10
907,45,1,6
908,50,1,1
909,45,0,7
910,50,1,0
911,50,0,0
912,35,1,2
913,25,0,0
914,35,1,9
915,25,0,7
916,25,1,1
917,50,0,6
918,45,1,1
919,35,1,1
920,18,0,4
921,25,0,17
922,56,0,16
923,25,0,7
924,50,0,17
925,35,1,3
926,1,0,10
927,25,1,20
928,56,1,16
929,25,0,15
930,25,0,5
931,56,1,1
932,35,1,6
933,45,0,1
934,35,1,7
935,35,0,14
936,18,0,4
937,25,0,15
938,25,1,1
939,25,1,20
940,1,0,10
941,18,0,20
942,50,1,6
943,45,1,12
944,35,0,0
945,45,0,7
946,35,0,7
947,18,0,0
948,56,0,12
949,50,0,17
950,35,0,7
951,45,0,2
952,56,0,16
953,50,0,20
954,25,1,0
955,50,1,7
956,35,0,1
957,35,0,1
958,35,0,2
959,50,0,11
960,1,0,10
961,18,0,10
962,25,1,1
963,25,0,0
964,25,0,7
965,56,0,7
966,56,0,2
967,18,1,0
968,50,0,12
969,25,1,11
970,25,0,0
971,25,0,12
972,45,0,1
973,25,1,1
974,35,0,19
975,35,0,0
976,35,0,14
977,25,0,2
978,18,0,0
979,1,0,10
980,25,0,6
981,25,0,20
982,25,1,9
983,25,1,16
984,50,0,16
985,25,0,4
986,56,1,0
987,35,1,17
988,50,0,11
989,50,0,0
990,18,0,6
991,25,1,9
992,35,1,3
993,25,0,0
994,18,0,2
995,18,1,4
996,25,0,17
997,1,0,19
998,45,0,20
999,25,0,15
1000,25,1,6
1001,25,0,4
1002,50,0,11
1003,25,0,2
1004,25,0,3
1005,35,0,11
1006,18,0,4
1007,50,0,12
1008,35,0,3
1009,50,0,7
1010,25,0,0
1011,25,0,8
1012,35,1,1
1013,56,0,13
1014,45,1,17
1015,35,0,3
1016,56,0,16
1017,35,0,0
1018,18,0,4
1019,35,0,1
1020,18,0,20
1021,35,0,0
1022,25,0,3
1023,56,0,13
1024,35,1,1
1025,25,0,16
1026,45,1,0
1027,18,0,4
1028,45,1,7
1029,25,0,0
1030,25,0,7
1031,35,0,16
1032,50,0,16
1033,25,0,5
1034,35,1,1
1035,18,0,2
1036,35,0,7
1037,45,0,7
1038,56,1,15
1039,35,1,1
1040,25,0,11
1041,45,0,2
1042,35,0,5
1043,50,1,11
1044,25,0,20
1045,1,1,10
1046,56,0,18
1047,18,0,0
1048,35,0,6
1049,45,0,14
1050,25,0,1
1051,25,1,0
1052,35,1,2
1053,35,0,0
1054,1,0,10
1055,35,0,0
1056,1,0,0
1057,45,0,17
1058,25,0,1
1059,25,1,0
1060,18,0,10
1061,45,0,0
1062,50,0,19
1063,35,0,7
1064,25,0,7
1065,25,1,0
1066,45,0,12
1067,35,0,12
1068,18,1,4
1069,25,0,20
1070,45,1,2
1071,50,0,16
1072,35,1,7
1073,25,1,6
1074,45,0,17
1075,25,1,6
1076,25,1,3
1077,25,0,3
1078,45,1,9
1079,25,0,7
1080,56,0,7
1081,18,0,4
1082,45,0,7
1083,56,0,0
1084,1,0,19
1085,25,0,7
1086,18,0,4
1087,25,0,16
1088,1,1,10
1089,35,0,6
1090,25,0,7
1091,18,0,5
1092,18,1,4
1093,50,0,14
1094,18,1,0
1095,56,1,6
1096,1,0,10
1097,18,0,17
1098,35,0,7
1099,25,0,17
1100,25,0,0
1101,35,0,1
1102,18,0,1
1103,45,1,7
1104,35,0,11
1105,35,0,6
1106,18,0,4
1107,50,1,1
1108,56,0,1
1109,18,0,10
1110,56,1,6
1111,50,1,16
1112,18,0,6
1113,18,0,4
1114,18,1,9
1115,25,1,1
1116,25,0,15
1117,18,0,14
1118,50,0,13
1119,35,0,1
1120,18,0,4
1121,56,0,7
1122,56,0,14
1123,50,0,0
1124,25,0,2
1125,18,1,4
1126,56,0,16
1127,25,0,0
1128,25,0,1
1129,35,0,17
1130,18,0,7
1131,56,0,13
1132,18,0,12
1133,18,0,2
1134,18,0,20
1135,50,0,13
1136,35,1,7
1137,18,0,4
1138,18,0,12
1139,25,0,1
1140,45,1,2
1141,25,1,3
1142,18,0,1
1143,50,0,7
1144,25,0,7
1145,50,0,3
1146,18,1,16
1147,25,0,20
1148,35,0,17
1149,25,0,12
1150,25,1,20
1151,25,0,15
1152,18,0,4
1153,18,0,10
1154,1,1,10
1155,25,0,12
1156,50,1,2
1157,45,0,7
1158,35,1,1
1159,18,0,0
1160,18,0,14
1161,25,0,0
1162,35,1,0
1163,1,0,10
1164,25,1,19
1165,25,0,12
1166,56,0,6
1167,50,1,1
1168,25,1,0
1169,25,0,20
1170,56,0,3
1171,45,0,12
1172,25,1,0
1173,25,1,7
1174,18,1,16
1175,25,1,2
1176,56,0,1
1177,25,1,17
1178,56,0,0
1179,50,0,1
1180,50,1,20
1181,35,0,7
1182,1,0,10
1183,35,0,19
1184,25,1,4
1185,35,1,1
1186,18,0,19
1187,1,1,0
1188,45,0,7
1189,25,0,0
1190,45,0,0
1191,35,1,0
1192,50,0,16
1193,25,0,12
1194,25,1,1
1195,1,1,10
1196,18,1,14
1197,35,0,1
1198,1,0,10
1199,50,0,13
1200,1,0,0
1201,18,0,4
1202,35,0,12
1203,25,1,1
1204,25,0,7
1205,56,1,0
1206,50,1,7
1207,50,0,0
1208,25,0,0
1209,35,0,7
1210,25,0,17
1211,18,0,4
1212,50,1,1
1213,50,0,0
1214,56,0,13
1215,35,0,17
1216,25,0,2
1217,25,0,12
1218,56,0,15
1219,25,0,7
1220,1,0,10
1221,18,0,0
1222,35,0,0
1223,25,0,2
1224,50,0,13
1225,45,0,7
1226,18,0,20
1227,50,0,1
1228,25,0,1
1229,25,1,4
1230,25,0,11
1231,25,0,12
1232,18,1,4
1233,45,1,20
1234,18,0,4
1235,25,1,7
1236,25,1,1
1237,18,0,4
1238,35,1,20
1239,25,1,20
1240,18,1,14
1241,1,0,10
1242,35,1,0
1243,35,0,15
1244,25,0,4
1245,25,0,17
1246,18,0,4
1247,35,0,0
1248,35,1,20
1249,35,0,2
1250,50,0,0
1251,25,0,7
1252,56,0,13
1253,35,1,20
1254,18,1,1
1255,25,0,17
1256,25,0,20
1257,18,1,14
1258,45,0,7
1259,35,0,7
1260,25,0,17
1261,18,0,4
1262,25,0,4
1263,1,0,10
1264,25,0,1
1265,18,1,20
1266,25,0,4
1267,25,0,15
1268,50,0,2
1269,56,1,13
1270,25,0,6
1271,45,1,6
1272,18,0,20
1273,35,0,2
1274,45,0,7
1275,50,0,17
1276,35,0,17
1277,18,1,0
1278,18,0,4
1279,35,0,1
1280,1,0,10
1281,25,0,19
1282,50,0,1
1283,18,1,1
1284,45,0,16
1285,35,0,4
1286,35,0,17
1287,50,1,7
1288,35,1,19
1289,45,0,6
1290,35,0,0
1291,35,1,0
1292,25,0,7
1293,25,0,5
1294,50,1,20
1295,35,1,6
1296,1,0,0
1297,25,0,7
1298,35,0,6
1299,25,0,14
1300,1,0,10
1301,25,1,2
1302,18,0,4
1303,25,0,19
1304,25,0,14
1305,45,0,20
1306,25,0,3
1307,56,0,13
1308,1,0,10
1309,25,0,14
1310,45,0,0
1311,18,0,10
1312,25,0,14
1313,18,0,4
1314,18,1,4
1315,35,0,7
1316,50,0,2
1317,45,0,7
1318,18,0,16
1319,25,1,3
1320,25,0,4
1321,25,1,14
1322,56,0,0
1323,35,1,2
1324,35,0,16
1325,25,0,1
1326,25,1,0
1327,1,0,10
1328,35,0,14
1329,18,0,14
1330,56,0,1
1331,45,0,0
1332,25,0,7
1333,25,0,17
1334,50,0,7
1335,35,0,0
1336,50,1,20
1337,56,0,17
1338,25,0,0
1339,35,0,18
1340,25,0,7
1341,18,0,7
1342,35,0,0
1343,35,0,14
1344,25,1,9
1345,25,1,2
1346,35,0,20
1347,18,1,1
1348,1,1,10
1349,50,0,7
1350,35,1,0
1351,25,1,17
1352,35,0,20
1353,1,0,10
1354,25,1,2
1355,45,1,20
1356,18,1,4
1357,45,0,0
1358,35,0,17
1359,35,0,1
1360,25,0,20
1361,25,1,0
1362,35,0,12
1363,50,0,7
1364,45,1,2
1365,1,1,10
1366,1,0,10
1367,25,0,12
1368,25,1,3
1369,25,0,5
1370,35,0,2
1371,50,1,2
1372,1,0,10
1373,25,1,1
1374,50,0,1
1375,45,1,5
1376,45,1,1
1377,35,0,16
1378,45,1,7
1379,56,1,13
1380,1,0,10
1381,18,0,11
1382,45,1,1
1383,25,1,7
1384,18,0,10
1385,25,1,5
1386,25,1,0
1387,50,1,13
1388,56,0,20
1389,25,0,17
1390,35,0,16
1391,35,0,15
1392,45,0,3
1393,18,0,4
1394,25,1,3
1395,25,0,2
1396,25,1,12
1397,35,0,7
1398,56,1,16
1399,18,0,17
1400,25,0,7
1401,18,1,1
1402,18,0,4
1403,25,1,0
1404,50,0,16
1405,56,0,13
1406,25,0,4
1407,35,1,15
1408,25,0,0
1409,18,0,4
1410,50,0,7
1411,35,0,1
1412,25,0,17
1413,18,0,3
1414,18,0,4
1415,45,0,14
1416,25,0,14
1417,35,0,16
1418,18,0,4
1419,25,1,1
1420,18,0,4
1421,1,1,10
1422,35,0,17
1423,25,0,4
1424,35,0,0
1425,1,0,10
1426,18,0,14
1427,25,0,12
1428,45,1,11
1429,35,1,3
1430,18,0,4
1431,56,0,6
1432,35,0,1
1433,18,1,14
1434,1,1,10
1435,25,0,14
1436,50,1,6
1437,50,0,3
1438,18,0,2
1439,35,0,3
1440,35,0,12
1441,35,0,16
1442,18,0,2
1443,35,0,2
1444,25,1,4
1445,25,0,2
1446,35,0,12
1447,18,0,4
1448,25,1,3
1449,35,0,20
1450,18,0,4
1451,35,0,20
1452,56,1,13
1453,25,0,14
1454,18,0,4
1455,45,1,0
1456,25,0,2
1457,25,0,1
1458,1,0,0
1459,25,1,0
1460,18,1,4
1461,45,1,0
1462,35,0,16
1463,50,0,16
1464,35,0,12
1465,50,0,16
1466,18,0,4
1467,25,0,5
1468,1,0,14
1469,56,0,20
1470,18,0,4
1471,25,0,17
1472,25,0,7
1473,25,0,14
1474,25,0,4
1475,25,1,2
1476,18,1,0
1477,45,1,1
1478,1,0,10
1479,50,1,2
1480,25,0,20
1481,35,0,17
1482,25,0,7
1483,18,0,4
1484,25,0,12
1485,25,1,9
1486,25,0,16
1487,35,0,7
1488,25,0,7
1489,35,1,2
1490,50,0,7
1491,18,0,4
1492,25,0,12
1493,25,1,14
1494,25,0,17
1495,18,0,0
1496,25,0,17
1497,50,0,5
1498,18,0,4
1499,1,0,10
1500,25,0,17
1501,25,0,11
1502,18,0,4
1503,25,0,12
1504,18,0,19
1505,50,0,11
1506,25,0,7
1507,35,0,17
1508,1,1,10
1509,1,0,0
1510,25,1,1
1511,35,0,12
1512,25,0,20
1513,35,1,16
1514,18,0,4
1515,25,0,16
1516,25,1,12
1517,18,0,0
1518,25,0,2
1519,18,0,4
1520,25,0,17
1521,25,1,7
1522,35,0,20
1523,25,0,17
1524,18,0,4
1525,25,1,16
1526,56,0,17
1527,18,0,10
1528,25,0,15
1529,18,0,4
1530,25,0,4
1531,45,0,17
1532,18,0,14
1533,45,0,1
1534,50,0,12
1535,18,1,20
1536,35,1,3
1537,18,0,20
1538,25,0,3
1539,25,0,3
1540,45,0,0
1541,56,0,17
1542,18,0,17
1543,25,0,11
1544,25,0,12
1545,25,0,20
1546,25,0,4
1547,56,0,13
1548,35,0,1
1549,35,0,6
1550,18,0,4
1551,25,0,11
1552,45,0,20
1553,25,1,15
1554,35,1,12
1555,18,1,0
1556,18,0,4
1557,18,1,4
1558,18,0,6
1559,35,0,8
1560,25,1,3
1561,18,1,4
1562,18,0,20
1563,1,1,10
1564,50,0,1
1565,45,0,17
1566,35,0,16
1567,25,0,12
1568,1,1,10
1569,56,1,13
1570,18,0,17
1571,25,0,20
1572,25,1,3
1573,1,0,0
1574,25,0,6
1575,50,1,7
1576,45,1,9
1577,56,0,0
1578,18,0,4
1579,25,0,0
1580,18,1,4
1581,18,1,4
1582,18,0,0
1583,35,0,6
1584,25,0,19
1585,56,0,20
1586,45,0,7
1587,25,1,3
1588,25,0,11
1589,25,0,0
1590,35,0,1
1591,50,0,7
1592,35,0,7
1593,25,0,16
1594,35,1,20
1595,35,0,1
1596,18,1,5
1597,25,0,12
1598,35,0,13
1599,25,0,0
1600,35,0,7
1601,25,0,12
1602,25,1,7
1603,25,1,0
1604,25,0,11
1605,18,1,0
1606,35,1,3
1607,45,0,1
1608,25,0,11
1609,35,1,9
1610,25,0,11
1611,25,0,0
1612,25,0,17
1613,18,0,20
1614,35,0,0
1615,45,1,7
1616,25,0,0
1617,25,0,12
1618,50,0,0
1619,50,0,3
1620,25,0,20
1621,25,0,4
1622,18,0,4
1623,50,0,15
1624,25,0,0
1625,45,0,0
1626,18,0,4
1627,18,0,17
1628,18,0,20
1629,18,0,4
1630,45,0,17
1631,50,1,0
1632,25,0,16
1633,45,1,7
1634,56,1,0
1635,25,0,0
1636,25,1,19
1637,56,0,0
1638,18,1,17
1639,25,0,17
1640,35,0,17
1641,25,0,0
1642,50,0,13
1643,45,0,2
1644,18,0,12
1645,18,1,9
1646,25,0,20
1647,18,0,18
1648,50,0,14
1649,18,0,19
1650,25,0,19
1651,25,0,12
1652,25,0,16
1653,18,0,0
1654,45,1,0
1655,18,0,4
1656,25,0,17
1657,45,1,0
1658,35,1,6
1659,18,1,9
1660,25,1,2
1661,35,0,7
1662,25,0,12
1663,18,0,4
1664,18,1,4
1665,45,0,17
1666,25,0,14
1667,50,0,16
1668,35,0,2
1669,25,1,17
1670,56,1,13
1671,35,0,0
1672,25,0,17
1673,1,0,10
1674,35,0,2
1675,25,1,6
1676,18,0,4
1677,18,0,14
1678,18,1,17
1679,25,0,12
1680,25,0,20
1681,18,0,4
1682,25,0,2
1683,25,1,7
1684,18,0,3
1685,35,0,12
1686,35,0,12
1687,25,0,3
1688,18,1,4
1689,35,0,5
1690,35,0,16
1691,25,1,17
1692,35,0,20
1693,25,0,12
1694,25,0,12
1695,25,0,1
1696,35,0,7
1697,18,1,4
1698,35,0,2
1699,25,1,19
1700,25,0,20
1701,25,1,4
1702,18,0,10
1703,18,0,15
1704,25,0,4
1705,18,1,4
1706,25,0,20
1707,50,0,1
1708,25,0,0
1709,25,0,0
1710,18,0,0
1711,18,1,4
1712,25,0,0
1713,25,0,0
1714,25,0,17
1715,25,0,16
1716,25,0,0
1717,50,1,6
1718,18,0,4
1719,18,0,16
1720,18,0,4
1721,18,0,19
1722,35,0,0
1723,35,0,17
1724,18,0,4
1725,18,0,19
1726,25,0,2
1727,35,0,16
1728,18,0,4
1729,25,0,7
1730,18,1,4
1731,18,1,0
1732,18,0,4
1733,18,0,14
1734,45,0,17
1735,18,0,20
1736,56,0,8
1737,35,0,20
1738,35,0,16
1739,56,0,16
1740,56,0,1
1741,35,0,7
1742,25,0,15
1743,35,0,17
1744,35,0,12
1745,45,0,0
1746,25,0,4
1747,25,0,0
1748,50,0,1
1749,25,0,2
1750,50,0,5
1751,35,0,20
1752,25,0,3
1753,35,0,6
1754,18,0,19
1755,18,1,4
1756,25,1,1
1757,25,0,4
1758,25,1,0
1759,25,0,16
1760,25,1,3
1761,35,0,0
1762,25,0,14
1763,35,0,7
1764,18,0,0
1765,18,0,4
1766,45,1,0
1767,25,0,20
1768,45,0,16
1769,25,0,17
1770,35,0,16
1771,25,0,17
1772,56,0,2
1773,18,0,4
1774,25,0,17
1775,25,0,4
1776,25,0,0
1777,25,0,20
1778,18,0,4
1779,18,0,1
1780,35,0,1
1781,35,1,0
1782,45,0,0
1783,18,0,4
1784,18,0,20
1785,18,0,4
1786,45,0,1
1787,18,0,8
1788,45,0,2
1789,1,0,10
1790,25,0,0
1791,18,0,4
1792,25,1,2
1793,25,0,4
1794,25,0,11
1795,18,0,17
1796,50,0,11
1797,35,0,7
1798,45,0,11
1799,35,0,11
1800,18,0,4
1801,25,1,6
1802,18,0,4
1803,25,0,2
1804,25,0,7
1805,18,0,4
1806,18,0,4
1807,18,0,17
1808,18,1,4
1809,25,1,14
1810,50,0,13
1811,56,0,2
1812,25,1,12
1813,35,1,6
1814,50,0,7
1815,1,0,1
1816,35,1,9
1817,35,0,1
1818,1,0,8
1819,35,1,12
1820,25,0,20
1821,25,0,20
1822,25,1,0
1823,35,1,1
1824,18,1,4
1825,25,0,7
1826,45,0,11
1827,25,1,1
1828,18,0,4
1829,25,0,16
1830,18,0,4
1831,18,0,4
1832,18,1,4
1833,18,0,17
1834,35,0,5
1835,25,0,19
1836,25,0,0
1837,25,0,2
1838,35,0,7
1839,18,0,4
1840,25,0,12
1841,18,0,0
1842,18,0,4
1843,25,0,12
1844,18,1,4
1845,25,0,2
1846,45,0,12
1847,18,0,4
1848,35,0,5
1849,35,0,7
1850,18,0,5
1851,25,0,19
1852,25,0,12
1853,50,0,0
1854,25,0,0
1855,18,0,4
1856,56,0,7
1857,1,0,10
1858,18,1,4
1859,25,1,4
1860,56,0,16
1861,50,0,16
1862,50,0,14
1863,18,0,4
1864,35,0,7
1865,18,1,1
1866,25,0,7
1867,50,0,7
1868,50,0,11
1869,45,0,14
1870,56,0,13
1871,45,1,1
1872,50,0,20
1873,35,0,7
1874,45,0,7
1875,35,0,12
1876,25,0,12
1877,45,1,20
1878,1,0,10
1879,25,0,4
1880,35,0,0
1881,35,0,2
1882,35,0,16
1883,50,1,0
1884,45,0,20
1885,50,0,17
1886,25,0,12
1887,56,0,15
1888,35,0,12
1889,18,0,14
1890,50,0,6
1891,45,0,1
1892,25,0,20
1893,35,1,0
1894,35,1,7
1895,35,0,14
1896,56,0,13
1897,50,1,2
1898,25,0,12
1899,45,1,6
1900,56,0,12
1901,50,0,7
1902,25,0,19
1903,35,0,0
1904,18,0,1
1905,35,1,20
1906,25,1,5
1907,35,0,17
1908,56,0,13
1909,18,0,4
1910,1,0,10
1911,18,1,4
1912,25,0,4
1913,25,0,17
1914,35,1,14
1915,50,0,13
1916,45,0,7
1917,18,0,10
1918,45,1,6
1919,1,0,0
1920,35,1,7
1921,56,0,12
1922,25,1,7
1923,35,0,7
1924,56,1,6
1925,50,0,7
1926,1,1,0
1927,35,0,7
1928,1,0,10
1929,1,1,10
1930,25,0,15
1931,25,0,2
1932,25,0,7
1933,18,0,19
1934,25,0,17
1935,1,0,10
1936,35,0,0
1937,25,0,11
1938,25,1,2
1939,35,1,2
1940,25,0,12
1941,35,0,17
1942,35,0,5
1943,18,0,4
1944,18,1,4
1945,25,0,20
1946,25,0,14
1947,25,0,7
1948,1,0,10
1949,18,0,17
1950,25,0,12
1951,18,1,4
1952,35,0,1
1953,25,1,2
1954,25,0,16
1955,1,0,19
1956,35,0,0
1957,18,1,4
1958,25,1,1
1959,50,1,13
1960,45,0,7
1961,50,1,3
1962,18,1,1
1963,50,1,9
1964,25,1,6
1965,56,0,17
1966,25,0,20
1967,50,0,7
1968,25,0,11
1969,25,1,3
1970,50,0,13
1971,25,1,14
1972,45,0,17
1973,25,0,1
1974,35,0,17
1975,18,0,4
1976,35,0,5
1977,56,0,6
1978,1,0,10
1979,56,0,17
1980,35,0,7
1981,56,0,1
1982,1,0,10
1983,25,0,14
1984,18,0,10
1985,45,0,12
1986,50,0,13
1987,25,0,17
1988,25,1,1
1989,50,0,6
1990,25,0,7
1991,25,0,20
1992,18,0,4
1993,35,0,17
1994,35,0,2
1995,25,0,1
1996,35,0,0
1997,25,0,0
1998,50,1,9
1999,35,1,3
2000,18,0,4
2001,50,0,1
2002,56,1,13
2003,1,0,10
2004,45,0,19
2005,18,0,4
2006,35,0,0
2007,50,0,16
2008,25,0,3
2009,35,1,7
2010,18,0,4
2011,35,1,3
2012,25,0,4
2013,45,0,0
2014,18,0,4
2015,18,0,4
2016,56,1,2
2017,25,0,17
2018,35,0,16
2019,50,0,1
2020,25,0,7
2021,25,0,0
2022,25,0,7
2023,18,0,4
2024,1,0,19
2025,56,0,13
2026,50,0,16
2027,25,1,9
2028,45,0,6
2029,25,1,12
2030,25,0,4
2031,35,0,20
2032,50,0,14
2033,45,1,20
2034,45,1,2
2035,18,1,0
2036,25,1,14
2037,56,0,14
2038,45,1,1
2039,50,0,16
2040,25,1,7
2041,25,1,20
2042,1,0,10
2043,25,0,14
2044,45,1,0
2045,1,1,0
2046,35,0,1
2047,1,0,10
2048,50,0,6
2049,50,1,0
2050,35,1,3
2051,35,0,7
2052,1,0,10
2053,45,0,11
2054,25,0,12
2055,50,0,11
2056,25,0,4
2057,35,0,1
2058,56,1,1
2059,35,0,0
2060,1,0,1
2061,56,0,1
2062,18,0,4
2063,25,0,4
2064,35,0,1
2065,25,0,6
2066,25,1,6
2067,50,0,16
2068,35,1,12
2069,56,0,15
2070,35,1,6
2071,45,0,7
2072,50,1,12
2073,18,1,4
2074,18,0,4
2075,25,1,4
2076,18,0,4
2077,18,0,0
2078,18,0,4
2079,1,0,10
2080,25,0,11
2081,18,0,17
2082,1,0,19
2083,18,0,4
2084,18,0,4
2085,18,0,0
2086,35,0,14
2087,25,0,0
2088,50,0,7
2089,35,0,17
2090,35,0,17
2091,35,1,20
2092,56,0,1
2093,18,0,0
2094,35,0,2
2095,56,0,13
2096,25,1,17
2097,18,0,5
2098,35,0,20
2099,18,1,0
2100,25,1,0
2101,25,0,16
2102,25,0,11
2103,35,0,12
2104,45,0,15
2105,25,0,1
2106,18,1,20
2107,25,0,1
2108,1,0,10
2109,25,0,16
2110,50,0,11
2111,56,0,13
2112,45,1,12
2113,25,0,6
2114,18,0,18
2115,35,0,17
2116,18,0,4
2117,56,0,13
2118,25,0,14
2119,35,0,4
2120,1,0,0
2121,56,0,13
2122,35,0,12
2123,35,1,0
2124,25,0,0
2125,35,0,3
2126,56,0,14
2127,18,0,4
2128,45,1,1
2129,25,0,5
2130,45,0,0
2131,25,0,0
2132,56,0,14
2133,1,1,10
2134,18,0,10
2135,50,0,1
2136,35,0,18
2137,1,1,10
2138,18,1,4
2139,50,1,3
2140,45,0,14
2141,50,1,16
2142,45,1,14
2143,18,0,4
2144,18,0,0
2145,18,0,10
2146,18,0,2
2147,18,1,0
2148,18,1,0
2149,25,0,0
2150,18,1,4
2151,56,0,13
2152,18,0,4
2153,18,0,16
2154,25,0,12
2155,1,1,10
2156,18,0,19
2157,18,1,3
2158,25,0,12
2159,50,1,14
2160,18,1,19
2161,35,1,2
2162,1,1,10
2163,18,0,0
2164,35,0,0
2165,25,0,7
2166,1,0,10
2167,25,1,6
2168,1,0,10
2169,1,0,0
2170,50,1,16
2171,35,0,0
2172,18,0,20
2173,50,0,13
2174,50,0,12
2175,25,0,4
2176,1,0,19
2177,35,1,20
2178,45,0,14
2179,25,1,0
2180,25,0,12
2181,25,0,0
2182,25,1,4
2183,56,1,1
2184,18,0,4
2185,45,0,17
2186,18,0,5
2187,45,0,16
2188,18,1,19
2189,1,0,10
2190,25,1,15
2191,18,0,4
2192,25,1,0
2193,1,0,10
2194,25,0,17
2195,1,0,10
2196,25,0,12
2197,25,1,1
2198,35,1,9
2199,1,0,10
2200,35,0,1
2201,56,0,20
2202,1,1,10
2203,45,0,12
2204,56,0,3
2205,25,1,7
2206,45,0,7
2207,18,0,4
2208,25,0,0
2209,35,0,7
2210,45,0,17
2211,45,0,6
2212,18,0,4
2213,25,1,0
2214,25,1,1
2215,25,1,0
2216,25,1,20
2217,1,0,10
2218,35,0,17
2219,25,0,6
2220,50,1,3
2221,56,0,17
2222,45,1,1
2223,25,0,2
2224,25,0,12
2225,25,0,5
2226,25,1,7
2227,50,0,14
2228,25,0,12
2229,45,0,0
2230,45,1,1
2231,50,0,11
2232,25,0,14
2233,35,1,3
2234,56,0,1
2235,1,0,10
2236,1,0,10
2237,35,1,6
2238,25,1,4
2239,18,0,10
2240,45,0,12
2241,45,0,5
2242,18,0,4
2243,45,0,2
2244,1,0,10
2245,1,0,10
2246,25,0,0
2247,45,0,2
2248,35,1,12
2249,25,0,5
2250,18,0,19
2251,35,0,14
2252,18,1,1
2253,50,1,0
2254,35,0,5
2255,35,1,6
2256,45,1,15
2257,18,1,4
2258,18,1,4
2259,56,1,16
2260,25,1,20
2261,25,0,5
2262,45,0,17
2263,25,0,6
2264,45,1,7
2265,56,0,13
2266,50,1,2
2267,56,1,13
2268,35,1,1
2269,45,1,0
2270,18,0,1
2271,50,0,14
2272,25,0,0
2273,25,0,6
2274,18,0,2
2275,56,0,7
2276,56,0,13
2277,45,1,9
2278,50,0,17
2279,50,0,7
2280,56,0,6
2281,45,0,11
2282,50,0,2
2283,35,0,18
2284,25,0,20
2285,1,1,10
2286,35,0,17
2287,56,0,0
2288,1,0,10
2289,50,1,1
2290,25,0,0
2291,45,0,1
2292,50,0,15
2293,56,1,3
2294,56,0,13
2295,45,0,11
2296,25,1,6
2297,56,0,13
2298,35,0,17
2299,18,1,10
2300,56,0,13
2301,25,1,12
2302,50,0,12
2303,50,0,17
2304,45,0,12
2305,50,0,20
2306,18,1,4
2307,25,0,17
2308,45,1,16
2309,45,1,0
2310,45,0,12
2311,25,1,4
2312,45,0,0
2313,50,1,6
2314,25,1,1
2315,56,0,7
2316,35,0,0
2317,45,1,9
2318,56,0,7
2319,35,0,7
2320,50,1,1
2321,25,0,7
2322,56,1,13
2323,35,0,3
2324,35,0,17
2325,18,1,4
2326,18,0,4
2327,18,0,10
2328,56,0,7
2329,56,1,15
2330,45,0,7
2331,56,0,1
2332,56,0,14
2333,50,0,6
2334,56,1,7
2335,50,0,17
2336,35,0,18
2337,35,0,17
2338,45,0,17
2339,56,1,3
2340,35,0,2
2341,56,0,1
2342,35,0,3
2343,45,1,1
2344,25,0,12
2345,35,0,16
2346,1,1,10
2347,35,0,1
2348,50,0,12
2349,25,0,8
2350,18,0,4
2351,25,1,0
2352,50,0,13
2353,35,1,9
2354,35,0,11
2355,45,1,9
2356,50,1,16
2357,35,1,14
2358,56,1,6
2359,56,0,13
2360,50,0,6
2361,56,0,7
2362,25,0,14
2363,50,0,14
2364,56,1,9
2365,50,0,7
2366,45,1,16
2367,25,1,9
2368,56,1,13
2369,35,0,14
2370,50,0,1
2371,35,1,7
2372,45,1,7
2373,45,0,7
2374,25,0,14
2375,50,1,7
2376,25,0,1
2377,35,0,0
2378,25,0,3
2379,18,0,18
2380,25,0,4
2381,35,1,9
2382,50,0,13
2383,25,1,14
2384,35,0,17
2385,45,1,2
2386,25,1,0
2387,25,0,17
2388,56,0,5
2389,25,0,16
2390,25,1,6
2391,50,0,18
2392,56,1,3
2393,56,0,13
2394,35,0,6
2395,35,0,7
2396,18,1,0
2397,35,1,11
2398,25,0,0
2399,35,0,17
2400,25,1,16
2401,25,0,4
2402,45,0,17
2403,18,0,4
2404,18,0,7
2405,50,0,8
2406,56,1,12
2407,35,0,16
2408,45,1,1
2409,35,1,9
2410,56,0,7
2411,35,1,14
2412,56,0,13
2413,56,1,7
2414,25,0,1
2415,25,0,7
2416,45,0,7
2417,45,0,1
2418,1,1,10
2419,25,0,0
2420,50,0,7
2421,35,0,7
2422,50,1,9
2423,45,1,9
2424,25,0,17
2425,35,1,14
2426,56,0,0
2427,25,1,14
2428,45,0,17
2429,25,0,2
2430,25,0,4
2431,25,1,4
2432,25,0,4
2433,25,0,4
2434,25,0,4
2435,25,0,4
2436,25,0,7
2437,25,0,4
2438,35,0,1
2439,45,0,17
2440,50,0,17
2441,45,1,6
2442,35,0,17
2443,35,1,0
2444,45,1,4
2445,25,0,0
2446,18,0,7
2447,25,0,14
2448,35,0,6
2449,56,0,13
2450,45,0,16
2451,45,0,12
2452,45,0,7
2453,25,0,7
2454,18,0,0
2455,35,0,7
2456,25,0,5
2457,25,0,0
2458,25,0,7
2459,50,0,7
2460,50,1,1
2461,18,0,4
2462,35,0,1
2463,25,0,7
2464,18,1,4
2465,50,0,6
2466,25,0,15
2467,1,0,10
2468,50,0,1
2469,25,0,4
2470,35,0,18
2471,50,0,13
2472,25,0,18
2473,25,0,12
2474,25,0,12
2475,25,1,18
2476,50,0,12
2477,45,0,0
2478,50,0,1
2479,25,1,1
2480,18,1,20
2481,35,0,14
2482,50,1,3
2483,56,0,13
2484,45,0,5
2485,35,0,14
2486,18,0,12
2487,45,0,7
2488,45,1,2
2489,35,1,9
2490,25,0,12
2491,35,0,7
2492,45,1,2
2493,45,0,2
2494,18,0,4
2495,18,1,4
2496,50,0,1
2497,50,1,14
2498,56,0,18
2499,50,0,0
2500,56,0,1
2501,25,0,15
2502,56,0,13
2503,35,0,17
2504,25,0,7
2505,25,0,7
2506,25,1,14
2507,25,0,4
2508,35,1,3
2509,25,0,5
2510,25,0,7
2511,25,0,7
2512,45,1,14
2513,56,0,1
2514,56,0,14
2515,45,0,12
2516,45,1,6
2517,35,1,9
2518,25,0,7
2519,45,1,2
2520,56,1,2
2521,35,0,17
2522,18,0,11
2523,25,0,17
2524,56,1,9
2525,35,1,1
2526,56,0,13
2527,35,0,15
2528,56,0,0
2529,35,1,9
2530,18,0,0
2531,45,1,7
2532,56,1,13
2533,25,1,3
2534,50,1,6
2535,56,1,2
2536,56,0,13
2537,35,0,11
2538,56,0,13
2539,35,0,7
2540,45,1,6
2541,35,1,5
2542,45,1,13
2543,35,1,0
2544,45,0,1
2545,56,0,13
2546,56,1,13
2547,35,1,0
2548,35,1,6
2549,56,0,13
2550,50,0,7
2551,25,0,12
2552,25,1,9
2553,25,0,7
2554,25,0,1
2555,56,0,7
2556,25,0,4
2557,18,1,19
2558,56,0,17
2559,18,0,10
2560,45,1,6
2561,25,0,15
2562,18,0,0
2563,45,0,13
2564,35,1,20
2565,35,0,5
2566,35,0,17
2567,25,0,0
2568,25,0,17
2569,45,0,0
2570,56,1,14
2571,35,0,17
2572,35,0,14
2573,45,0,16
2574,50,0,6
2575,35,0,7
2576,18,0,17
2577,25,0,7
2578,50,0,7
2579,35,0,15
2580,45,1,1
2581,25,0,11
2582,25,1,1
2583,35,0,7
2584,56,1,1
2585,45,0,15
2586,25,0,20
2587,35,0,7
2588,56,1,13
2589,25,0,0
2590,18,0,4
2591,18,0,1
2592,50,0,7
2593,56,0,16
2594,35,0,7
2595,18,0,4
2596,50,0,7
2597,50,1,0
2598,25,0,17
2599,25,0,12
2600,25,0,14
2601,35,0,16
2602,45,0,12
2603,25,0,17
2604,25,0,0
2605,35,0,7
2606,50,0,7
2607,56,1,0
2608,25,1,1
2609,50,1,12
2610,45,0,7
2611,25,0,3
2612,45,1,3
2613,35,0,1
2614,25,0,7
2615,25,0,7
2616,35,0,7
2617,45,1,15
2618,18,1,4
2619,35,0,12
2620,18,0,4
2621,18,0,0
2622,35,1,6
2623,56,0,1
2624,35,1,0
2625,35,0,7
2626,56,0,1
2627,25,0,1
2628,25,1,2
2629,25,0,11
2630,18,1,5
2631,50,1,1
2632,56,0,0
2633,35,1,9
2634,56,0,1
2635,35,0,0
2636,18,0,12
2637,35,1,20
2638,25,0,14
2639,25,1,6
2640,35,0,12
2641,25,0,6
2642,25,0,0
2643,45,0,17
2644,18,0,15
2645,25,0,7
2646,45,0,17
2647,35,1,11
2648,25,0,17
2649,25,0,16
2650,45,0,7
2651,56,0,14
2652,35,0,20
2653,25,0,7
2654,35,1,9
2655,35,0,7
2656,56,0,13
2657,1,1,10
2658,25,0,7
2659,35,0,14
2660,56,0,17
2661,56,0,13
2662,25,0,17
2663,25,1,4
2664,35,0,7
2665,35,0,11
2666,45,0,16
2667,35,1,6
2668,25,1,4
2669,45,0,0
2670,35,0,6
2671,35,1,12
2672,35,0,7
2673,35,0,7
2674,25,0,4
2675,35,0,18
2676,56,0,20
2677,35,1,7
2678,25,0,6
2679,18,1,4
2680,25,0,12
2681,25,1,4
2682,18,0,4
2683,35,0,7
2684,18,1,0
2685,45,0,7
2686,25,0,0
2687,1,0,10
2688,25,0,17
2689,25,0,12
2690,25,0,7
2691,18,0,4
2692,18,1,4
2693,56,0,13
2694,18,0,4
2695,35,0,11
2696,25,0,7
2697,50,1,17
2698,25,1,2
2699,56,1,13
2700,25,0,7
2701,45,0,1
2702,45,0,6
2703,35,0,11
2704,56,0,13
2705,25,0,1
2706,25,1,1
2707,56,0,13
2708,25,0,7
2709,25,1,0
2710,35,0,17
2711,25,1,4
2712,18,1,19
2713,25,0,7
2714,18,0,4
2715,50,1,4
2716,50,1,4
2717,25,0,4
2718,25,1,4
2719,25,0,12
2720,35,0,0
2721,45,0,14
2722,35,0,7
2723,25,1,9
2724,45,1,2
2725,35,0,7
2726,45,0,11
2727,25,0,11
2728,35,0,12
2729,50,0,7
2730,35,0,11
2731,35,0,7
2732,45,0,17
2733,45,0,17
2734,18,1,4
2735,25,0,7
2736,45,0,12
2737,25,0,3
2738,50,1,2
2739,35,1,7
2740,45,0,17
2741,25,0,14
2742,25,0,17
2743,25,0,14
2744,18,0,17
2745,35,1,1
2746,50,0,14
2747,18,1,4
2748,25,0,4
2749,25,0,12
2750,25,1,15
2751,25,1,16
2752,25,0,15
2753,50,1,20
2754,50,0,12
2755,35,0,7
2756,18,0,4
2757,25,0,2
2758,56,0,8
2759,25,0,7
2760,56,0,0
2761,35,0,6
2762,50,0,16
2763,18,1,4
2764,25,0,7
2765,50,0,7
2766,45,0,7
2767,25,0,0
2768,25,0,17
2769,25,0,7
2770,35,0,1
2771,18,0,1
2772,35,0,17
2773,35,0,2
2774,25,0,1
2775,18,1,4
2776,25,0,14
2777,18,0,4
2778,56,0,13
2779,35,0,7
2780,25,0,17
2781,35,0,4
2782,18,1,4
2783,45,0,17
2784,50,0,20
2785,56,0,13
2786,25,0,4
2787,25,0,4
2788,56,0,1
2789,18,0,4
2790,25,0,20
2791,56,0,7
2792,18,0,4
2793,35,0,7
2794,25,0,2
2795,50,0,13
2796,25,0,14
2797,25,1,7
2798,35,0,20
2799,18,0,0
2800,18,1,4
2801,25,1,3
2802,35,0,20
2803,25,0,7
2804,35,1,0
2805,56,0,19
2806,1,0,10
2807,35,1,11
2808,56,0,16
2809,25,0,7
2810,1,1,10
2811,25,0,19
2812,25,0,17
2813,25,0,20
2814,35,0,7
2815,35,0,17
2816,25,0,7
2817,35,0,12
2818,25,0,12
2819,45,0,14
2820,35,1,0
2821,18,0,20
2822,50,0,7
2823,25,0,4
2824,18,0,4
2825,25,1,20
2826,35,0,12
2827,25,0,17
2828,18,0,4
2829,45,0,20
2830,35,0,7
2831,25,0,0
2832,25,0,17
2833,25,0,15
2834,35,0,1
2835,35,0,20
2836,25,0,12
2837,18,0,0
2838,18,0,1
2839,25,0,17
2840,25,0,0
2841,50,0,12
2842,35,0,17
2843,25,1,4
2844,25,0,20
2845,25,0,4
2846,18,1,4
2847,18,0,4
2848,25,0,0
2849,45,0,11
2850,18,0,20
2851,25,1,7
2852,25,0,12
2853,1,0,1
2854,18,1,4
2855,25,0,4
2856,35,0,11
2857,25,0,0
2858,1,1,10
2859,18,0,1
2860,35,0,17
2861,25,0,15
2862,45,0,7
2863,25,1,2
2864,35,1,3
2865,25,1,6
2866,25,0,7
2867,45,0,17
2868,35,0,12
2869,50,0,17
2870,50,0,18
2871,25,1,14
2872,25,0,20
2873,18,1,4
2874,35,1,20
2875,25,0,2
2876,25,0,17
2877,35,0,1
2878,50,1,20
2879,18,0,4
2880,18,0,12
2881,25,1,12
2882,18,0,20
2883,18,0,20
2884,50,1,3
2885,18,1,1
2886,18,0,4
2887,25,0,3
2888,25,0,14
2889,35,0,3
2890,35,0,7
2891,18,1,4
2892,25,0,4
2893,25,0,1
2894,18,0,4
2895,25,0,11
2896,18,0,14
2897,25,0,5
2898,18,0,4
2899,35,0,14
2900,18,0,12
2901,25,0,17
2902,25,0,12
2903,25,0,16
2904,25,0,4
2905,35,0,17
2906,35,0,19
2907,35,1,5
2908,18,0,2
2909,25,0,7
2910,1,0,19
2911,25,1,4
2912,18,1,4
2913,35,1,20
2914,25,0,4
2915,25,0,7
2916,45,0,2
2917,25,0,0
2918,25,0,12
2919,18,0,17
2920,25,0,2
2921,50,0,1
2922,25,0,17
2923,35,0,12
2924,18,1,4
2925,25,1,4
2926,18,1,2
2927,25,0,12
2928,25,0,2
2929,18,0,2
2930,50,0,17
2931,18,0,4
2932,25,0,12
2933,35,0,11
2934,35,1,20
2935,25,0,0
2936,18,1,4
2937,18,1,4
2938,25,1,0
2939,25,1,15
2940,25,0,0
2941,35,0,12
2942,50,1,1
2943,35,0,12
2944,18,1,4
2945,35,1,17
2946,35,0,16
2947,25,1,0
2948,18,0,14
2949,25,0,17
2950,18,0,0
2951,35,1,14
2952,25,0,4
2953,25,0,20
2954,18,0,2
2955,35,0,14
2956,25,0,12
2957,18,0,4
2958,25,0,7
2959,35,0,17
2960,18,0,4
2961,50,0,17
2962,35,0,3
2963,18,1,4
2964,25,0,17
2965,35,1,4
2966,25,1,4
2967,25,0,0
2968,18,1,0
2969,25,0,7
2970,18,0,4
2971,25,0,4
2972,25,0,4
2973,18,1,4
2974,18,0,4
2975,35,0,11
2976,18,0,20
2977,18,1,4
2978,35,0,20
2979,35,0,2
2980,45,0,7
2981,45,0,6
2982,25,0,4
2983,18,0,4
2984,25,0,4
2985,18,0,4
2986,25,0,4
2987,18,0,4
2988,18,1,6
2989,35,0,12
2990,35,0,12
2991,50,0,1
2992,18,0,4
2993,18,0,19
2994,35,0,5
2995,25,0,15
2996,18,0,0
2997,35,1,16
2998,25,1,1
2999,25,0,7
3000,25,0,4
3001,18,0,4
3002,45,0,11
3003,18,0,15
3004,18,1,4
3005,25,0,17
3006,18,0,4
3007,35,0,0
3008,18,0,4
3009,35,1,3
3010,25,0,12
3011,25,0,1
3012,25,0,12
3013,45,0,17
3014,35,0,7
3015,56,0,6
3016,18,0,12
3017,35,1,9
3018,35,0,0
3019,50,0,12
3020,35,1,7
3021,45,1,15
3022,25,0,17
3023,25,1,7
3024,35,0,17
3025,35,1,0
3026,18,1,4
3027,18,0,4
3028,1,0,10
3029,18,0,4
3030,35,0,1
3031,18,0,4
3032,25,0,0
3033,18,0,4
3034,18,1,1
3035,25,1,7
3036,56,0,13
3037,25,1,2
3038,35,1,2
3039,50,1,3
3040,25,0,8
3041,25,0,4
3042,56,0,1
3043,18,0,2
3044,35,0,16
3045,45,0,1
3046,1,0,4
3047,25,1,4
3048,18,0,2
3049,50,1,0
3050,35,0,12
3051,18,0,17
3052,35,0,12
3053,25,1,3
3054,18,0,4
3055,25,1,3
3056,25,0,18
3057,25,1,12
3058,18,0,12
3059,35,0,0
3060,35,1,1
3061,45,0,2
3062,18,0,4
3063,18,0,4
3064,35,0,17
3065,18,1,4
3066,18,0,4
3067,25,1,0
3068,35,1,9
3069,18,0,4
3070,18,1,4
3071,25,0,1
3072,50,0,1
3073,25,0,0
3074,25,0,0
3075,25,1,11
3076,35,0,17
3077,18,0,4
3078,35,1,1
3079,25,1,1
3080,25,0,20
3081,25,0,7
3082,35,1,6
3083,50,1,0
3084,25,0,16
3085,25,0,4
3086,18,0,12
3087,1,1,1
3088,25,1,4
3089,45,0,16
3090,25,0,2
3091,25,1,0
3092,35,0,15
3093,45,1,20
3094,35,0,0
3095,25,1,3
3096,45,1,3
3097,25,1,5
3098,25,0,4
3099,25,0,17
3100,25,1,6
3101,18,0,15
3102,25,0,12
3103,25,0,20
3104,18,0,17
3105,35,0,12
3106,25,0,0
3107,25,0,17
3108,50,0,6
3109,25,1,11
3110,25,0,0
3111,18,0,4
3112,18,0,12
3113,25,0,10
3114,18,0,5
3115,35,0,17
3116,25,0,12
3117,35,0,0
3118,25,0,0
3119,45,0,1
3120,18,0,4
3121,25,0,2
3122,25,1,7
3123,25,0,2
3124,25,0,12
3125,25,0,7
3126,25,0,2
3127,25,1,0
3128,18,0,2
3129,25,0,7
3130,25,0,7
3131,25,1,2
3132,35,0,7
3133,18,0,4
3134,18,0,4
3135,25,0,15
3136,25,1,4
3137,25,0,11
3138,35,0,17
3139,56,0,13
3140,25,1,4
3141,25,0,14
3142,25,0,20
3143,50,1,16
3144,25,1,7
3145,18,0,4
3146,25,0,0
3147,25,0,14
3148,18,0,20
3149,18,0,4
3150,25,1,3
3151,25,1,0
3152,18,0,4
3153,25,1,4
3154,25,1,4
3155,25,0,7
3156,35,0,7
3157,25,0,12
3158,25,0,15
3159,25,1,15
3160,25,0,17
3161,25,0,7
3162,25,0,1
3163,18,0,15
3164,18,0,12
3165,35,0,7
3166,18,0,4
3167,25,0,2
3168,35,1,5
3169,50,0,0
3170,25,0,0
3171,50,1,3
3172,18,0,12
3173,25,0,12
3174,18,1,14
3175,35,0,16
3176,25,0,17
3177,25,1,6
3178,35,1,5
3179,18,1,20
3180,25,0,14
3181,25,0,12
3182,25,0,12
3183,50,0,7
3184,25,1,18
3185,18,0,7
3186,50,0,1
3187,35,0,12
3188,56,0,13
3189,25,0,16
3190,1,0,17
3191,25,0,12
3192,18,0,4
3193,25,0,0
3194,25,0,15
3195,18,0,4
3196,18,1,4
3197,18,1,14
3198,25,0,12
3199,18,0,0
3200,25,1,1
3201,45,0,7
3202,18,1,4
3203,35,0,0
3204,45,0,16
3205,35,1,16
3206,18,0,20
3207,35,0,7
3208,25,0,14
3209,25,0,0
3210,45,1,0
3211,50,0,16
3212,25,1,17
3213,25,1,1
3214,56,1,7
3215,50,1,13
3216,35,0,1
3217,35,1,0
3218,56,0,6
3219,18,1,4
3220,35,0,7
3221,25,0,0
3222,35,0,7
3223,25,0,20
3224,25,1,14
3225,18,0,0
3226,35,0,4
3227,25,1,14
3228,25,0,14
3229,56,1,1
3230,35,0,16
3231,25,0,7
3232,35,0,12
3233,50,0,2
3234,1,1,0
3235,18,0,4
3236,18,0,15
3237,35,0,7
3238,35,0,7
3239,25,1,12
3240,18,0,4
3241,50,1,0
3242,50,0,13
3243,25,0,12
3244,18,1,4
3245,18,0,2
3246,35,1,1
3247,35,0,15
3248,25,1,7
3249,25,1,4
3250,25,0,4
3251,35,0,17
3252,50,0,0
3253,35,1,4
3254,35,1,6
3255,25,1,15
3256,25,0,15
3257,25,0,14
3258,45,0,6
3259,18,1,4
3260,25,0,4
3261,45,0,20
3262,25,0,14
3263,50,0,11
3264,25,1,1
3265,25,0,15
3266,25,1,4
3267,25,0,4
3268,25,0,12
3269,18,1,20
3270,18,0,11
3271,35,1,0
3272,35,0,0
3273,35,0,7
3274,25,0,20
3275,35,0,7
3276,25,0,20
3277,25,0,17
3278,35,0,7
3279,45,0,15
3280,25,0,7
3281,25,0,17
3282,45,0,3
3283,35,0,16
3284,25,0,6
3285,25,0,4
3286,35,1,7
3287,56,0,13
3288,25,0,14
3289,45,0,6
3290,25,0,14
3291,25,1,7
3292,50,1,6
3293,45,0,14
3294,18,0,4
3295,18,0,18
3296,18,0,14
3297,18,0,4
3298,1,0,10
3299,25,1,4
3300,35,0,5
3301,25,1,2
3302,25,0,17
3303,56,0,17
3304,45,1,5
3305,56,0,20
3306,45,0,14
3307,50,0,6
3308,18,1,20
3309,25,0,17
3310,45,0,14
3311,25,0,4
3312,18,1,4
3313,35,0,20
3314,25,0,7
3315,25,0,12
3316,1,0,19
3317,25,0,4
3318,56,0,13
3319,56,1,13
3320,25,0,1
3321,35,0,1
3322,18,1,4
3323,35,0,14
3324,35,0,17
3325,35,1,14
3326,45,0,7
3327,18,0,12
3328,56,0,19
3329,50,0,18
3330,35,1,1
3331,25,1,7
3332,25,0,7
3333,18,0,16
3334,35,0,0
3335,25,0,0
3336,35,0,17
3337,25,0,4
3338,45,0,16
3339,25,0,17
3340,45,0,16
3341,25,0,20
3342,25,1,5
3343,18,1,4
3344,35,0,0
3345,25,0,7
3346,35,0,7
3347,35,1,7
3348,45,0,16
3349,18,1,4
3350,18,1,0
3351,18,1,5
3352,35,0,0
3353,35,0,17
3354,25,0,7
3355,25,0,1
3356,35,0,7
3357,25,0,18
3358,25,1,1
3359,25,0,20
3360,25,1,0
3361,25,0,4
3362,25,1,0
3363,35,1,9
3364,56,0,13
3365,50,0,17
3366,35,0,14
3367,50,0,16
3368,25,0,14
3369,45,0,18
3370,18,0,4
3371,25,0,2
3372,56,0,13
3373,18,0,16
3374,35,0,5
3375,25,0,4
3376,35,0,16
3377,25,0,17
3378,18,0,4
3379,35,0,1
3380,50,0,0
3381,25,0,0
3382,1,1,10
3383,56,0,16
3384,35,0,7
3385,25,1,9
3386,18,0,4
3387,18,0,1
3388,25,1,1
3389,18,0,0
3390,45,1,20
3391,18,0,4
3392,50,0,6
3393,35,0,12
3394,35,0,7
3395,25,0,7
3396,25,0,12
3397,25,0,5
3398,18,0,20
3399,25,0,4
3400,25,0,14
3401,35,0,7
3402,35,0,20
3403,35,0,5
3404,25,0,8
3405,35,0,14
3406,25,1,7
3407,45,1,5
3408,25,0,17
3409,25,0,4
3410,35,0,1
3411,18,0,4
3412,25,0,18
3413,25,1,17
3414,25,0,17
3415,35,0,7
3416,25,0,12
3417,18,1,2
3418,18,1,3
3419,45,0,1
3420,25,1,7
3421,45,0,7
3422,25,0,5
3423,25,0,7
3424,25,0,6
3425,18,0,20
3426,25,0,20
3427,25,0,14
3428,45,0,1
3429,25,1,7
3430,45,1,1
3431,45,1,6
3432,25,0,12
3433,18,0,12
3434,18,0,4
3435,45,0,1
3436,35,0,0
3437,25,1,0
3438,25,1,0
3439,18,0,17
3440,56,0,17
3441,25,1,14
3442,18,0,12
3443,35,1,17
3444,50,0,14
3445,35,1,20
3446,25,0,7
3447,25,0,12
3448,18,1,3
3449,25,0,14
3450,25,0,5
3451,25,1,11
3452,25,0,14
3453,35,0,7
3454,18,0,0
3455,25,1,0
3456,25,0,17
3457,25,0,20
3458,45,0,0
3459,18,0,4
3460,1,0,4
3461,35,0,0
3462,25,1,4
3463,25,0,15
3464,25,1,14
3465,25,0,14
3466,25,0,14
3467,25,0,14
3468,25,0,20
3469,45,0,17
3470,35,0,17
3471,18,0,4
3472,25,0,6
3473,35,1,16
3474,35,0,11
3475,25,0,14
3476,50,0,0
3477,50,1,1
3478,25,0,7
3479,18,0,4
3480,25,0,0
3481,18,0,4
3482,50,0,17
3483,45,1,7
3484,18,0,4
3485,25,0,0
3486,18,1,0
3487,18,0,4
3488,45,0,17
3489,18,0,4
3490,25,0,0
3491,25,0,16
3492,35,0,7
3493,25,0,17
3494,25,0,1
3495,18,0,4
3496,35,0,5
3497,35,1,2
3498,25,0,17
3499,25,0,3
3500,35,0,7
3501,35,1,7
3502,18,1,7
3503,18,0,4
3504,18,0,7
3505,25,1,15
3506,18,0,12
3507,25,0,0
3508,18,0,4
3509,18,0,4
3510,18,1,4
3511,50,0,0
3512,18,0,17
3513,25,0,16
3514,18,0,12
3515,35,0,3
3516,18,0,4
3517,18,0,12
3518,18,1,7
3519,25,1,14
3520,25,0,0
3521,25,0,0
3522,18,0,0
3523,35,0,7
3524,25,1,0
3525,18,1,4
3526,35,0,2
3527,25,0,0
3528,35,0,5
3529,45,1,1
3530,25,0,0
3531,25,1,11
3532,35,1,14
3533,25,0,2
3534,35,0,17
3535,45,0,18
3536,18,0,4
3537,1,0,10
3538,35,0,0
3539,25,1,4
3540,18,0,17
3541,25,0,3
3542,25,0,15
3543,25,0,17
3544,25,1,4
3545,35,0,12
3546,25,0,20
3547,35,0,16
3548,45,0,7
3549,35,1,7
3550,25,0,5
3551,56,1,0
3552,35,1,2
3553,35,0,16
3554,25,0,15
3555,56,0,7
3556,25,0,17
3557,18,0,5
3558,18,0,17
3559,18,0,4
3560,25,1,6
3561,35,0,14
3562,25,1,6
3563,25,0,2
3564,25,0,11
3565,25,0,18
3566,45,0,0
3567,25,0,14
3568,25,0,0
3569,18,1,2
3570,35,0,12
3571,18,0,4
3572,35,0,11
3573,1,0,10
3574,35,1,6
3575,25,0,18
3576,50,0,7
3577,56,1,0
3578,50,0,3
3579,18,0,0
3580,18,1,3
3581,18,0,1
3582,35,1,0
3583,25,1,9
3584,18,0,0
3585,35,0,20
3586,35,0,20
3587,35,0,3
3588,25,0,2
3589,45,1,0
3590,18,1,15
3591,35,0,6
3592,56,1,2
3593,25,1,9
3594,1,0,0
3595,25,0,0
3596,35,1,4
3597,25,0,17
3598,56,0,1
3599,25,0,16
3600,35,0,20
3601,35,1,3
3602,25,0,12
3603,35,1,7
3604,1,1,10
3605,18,0,12
3606,25,1,15
3607,35,0,17
3608,35,1,9
3609,25,1,17
3610,18,0,6
3611,25,0,2
3612,25,0,14
3613,25,0,0
3614,25,0,0
3615,25,0,17
3616,45,0,0
3617,35,0,7
3618,56,0,17
3619,50,0,16
3620,25,0,7
3621,18,0,4
3622,18,0,1
3623,35,0,11
3624,25,0,12
3625,18,0,10
3626,25,0,17
3627,35,1,1
3628,25,0,7
3629,50,1,7
3630,18,0,4
3631,18,0,4
3632,50,0,11
3633,35,0,18
3634,50,0,1
3635,50,0,1
3636,25,0,0
3637,25,0,6
3638,25,0,2
3639,18,0,4
3640,35,0,7
3641,25,0,0
3642,25,1,7
3643,25,0,17
3644,25,1,11
3645,35,0,17
3646,35,0,20
3647,25,0,7
3648,18,0,4
3649,25,1,0
3650,25,0,0
3651,25,0,14
3652,25,0,12
3653,18,0,15
3654,25,0,17
3655,25,1,7
3656,45,1,5
3657,18,0,17
3658,25,1,7
3659,18,0,4
3660,35,0,7
3661,35,0,12
3662,35,0,16
3663,35,1,9
3664,35,1,1
3665,25,0,0
3666,45,0,0
3667,1,1,10
3668,45,1,7
3669,25,0,14
3670,45,0,14
3671,25,0,4
3672,35,0,5
3673,25,0,2
3674,25,0,20
3675,35,0,7
3676,35,1,12
3677,25,1,12
3678,25,0,0
3679,25,0,4
3680,25,1,1
3681,25,0,7
3682,50,1,1
3683,25,0,2
3684,25,0,17
3685,25,0,5
3686,25,0,7
3687,50,1,1
3688,18,0,6
3689,25,0,0
3690,18,0,0
3691,25,0,7
3692,35,0,17
3693,25,0,15
3694,25,0,12
3695,25,0,2
3696,35,0,7
3697,25,0,15
3698,25,0,7
3699,56,1,3
3700,25,0,14
3701,35,0,1
3702,35,0,15
3703,18,0,12
3704,35,1,0
3705,45,0,7
3706,25,0,12
3707,18,1,0
3708,56,0,7
3709,25,0,12
3710,1,0,10
3711,35,0,0
3712,25,0,17
3713,25,1,7
3714,25,0,17
3715,18,0,5
3716,18,0,12
3717,35,0,17
3718,50,0,17
3719,25,0,1
3720,45,0,7
3721,25,0,15
3722,25,0,18
3723,25,0,14
3724,35,0,6
3725,18,0,4
3726,25,0,17
3727,35,0,7
3728,18,0,4
3729,18,0,4
3730,25,0,1
3731,25,0,17
3732,25,0,17
3733,18,0,4
3734,18,0,4
3735,25,0,0
3736,35,0,1
3737,25,0,14
3738,45,0,7
3739,56,0,11
3740,18,0,5
3741,25,0,0
3742,25,0,0
3743,35,1,7
3744,25,0,0
3745,25,1,9
3746,25,0,5
3747,45,0,13
3748,18,0,4
3749,25,1,0
3750,18,1,4
3751,35,1,12
3752,18,1,1
3753,25,0,7
3754,56,0,7
3755,50,1,14
3756,18,0,12
3757,25,0,7
3758,35,1,5
3759,35,0,6
3760,50,0,0
3761,25,0,17
3762,50,0,6
3763,25,0,2
3764,25,0,1
3765,50,1,3
3766,18,1,1
3767,25,0,0
3768,25,0,4
3769,25,0,15
3770,35,1,3
3771,25,0,1
3772,35,0,17
3773,35,0,6
3774,25,0,0
3775,35,0,12
3776,25,1,4
3777,18,0,4
3778,25,0,0
3779,45,1,2
3780,1,0,0
3781,56,1,11
3782,25,1,0
3783,25,0,7
3784,25,1,1
3785,25,1,20
3786,25,1,0
3787,25,1,0
3788,18,1,0
3789,25,1,0
3790,25,1,17
3791,50,0,18
3792,25,0,6
3793,18,0,4
3794,18,1,4
3795,18,1,4
3796,45,0,14
3797,25,0,7
3798,25,0,7
3799,18,0,0
3800,18,0,1
3801,18,0,12
3802,18,0,0
3803,35,1,9
3804,25,0,6
3805,35,1,1
3806,18,0,4
3807,35,1,19
3808,25,0,7
3809,35,0,6
3810,50,0,7
3811,25,0,15
3812,35,0,17
3813,35,0,7
3814,25,0,15
3815,25,0,17
3816,25,1,3
3817,35,0,3
3818,45,0,17
3819,25,0,12
3820,25,0,17
3821,25,0,20
3822,45,0,20
3823,56,0,7
3824,25,0,17
3825,18,0,1
3826,25,0,1
3827,50,0,2
3828,25,0,20
3829,25,1,1
3830,18,0,4
3831,18,1,6
3832,25,1,7
3833,25,0,1
3834,18,0,2
3835,25,0,7
3836,50,1,8
3837,25,0,17
3838,25,1,14
3839,50,0,14
3840,25,1,0
3841,45,0,18
3842,35,1,16
3843,1,1,10
3844,18,0,4
3845,25,0,12
3846,35,0,0
3847,25,0,7
3848,25,0,15
3849,35,0,0
3850,18,0,3
3851,25,0,12
3852,50,0,16
3853,25,0,14
3854,25,0,14
3855,25,0,17
3856,35,1,20
3857,18,0,14
3858,45,1,9
3859,25,0,0
3860,45,0,17
3861,18,0,4
3862,25,0,17
3863,25,0,0
3864,50,0,20
3865,1,1,10
3866,45,0,14
3867,35,0,3
3868,18,0,12
3869,18,0,17
3870,25,0,17
3871,18,0,4
3872,25,0,1
3873,45,1,2
3874,25,0,7
3875,25,0,0
3876,25,0,0
3877,45,0,1
3878,35,0,16
3879,25,0,3
3880,25,0,7
3881,18,0,2
3882,56,0,14
3883,50,0,16
3884,18,0,4
3885,25,0,12
3886,35,0,7
3887,18,0,4
3888,45,0,17
3889,45,0,6
3890,18,0,4
3891,56,1,16
3892,25,0,20
3893,25,0,6
3894,35,0,16
3895,35,1,0
3896,35,0,0
3897,56,0,17
3898,45,0,11
3899,25,0,17
3900,25,1,14
3901,18,0,14
3902,25,0,5
3903,25,0,0
3904,1,0,10
3905,25,0,17
3906,50,0,17
3907,18,1,14
3908,25,0,0
3909,18,0,17
3910,25,0,20
3911,18,0,0
3912,25,0,4
3913,18,0,17
3914,35,0,4
3915,35,1,3
3916,25,0,4
3917,35,1,9
3918,25,0,18
3919,45,0,0
3920,35,0,17
3921,25,0,14
3922,18,0,4
3923,35,0,2
3924,50,0,12
3925,25,0,12
3926,25,0,2
3927,25,1,16
3928,25,0,0
3929,25,0,5
3930,56,0,3
3931,25,0,5
3932,25,0,7
3933,35,1,6
3934,25,0,0
3935,35,0,18
3936,35,1,12
3937,56,0,2
3938,25,0,2
3939,45,0,7
3940,35,0,20
3941,45,0,17
3942,18,0,4
3943,35,1,7
3944,35,1,16
3945,45,1,1
3946,25,1,12
3947,25,0,0
3948,45,1,12
3949,45,0,0
3950,25,0,4
3951,18,1,4
3952,45,1,1
3953,25,0,12
3954,18,0,4
3955,35,0,0
3956,25,0,0
3957,35,0,11
3958,45,0,7
3959,45,1,1
3960,35,1,14
3961,25,0,1
3962,56,1,0
3963,50,0,20
3964,56,0,16
3965,18,0,11
3966,25,0,0
3967,18,1,2
3968,25,0,2
3969,56,0,7
3970,25,1,2
3971,18,1,4
3972,25,1,6
3973,25,0,7
3974,35,0,0
3975,25,1,5
3976,25,1,0
3977,35,0,14
3978,35,0,13
3979,50,1,9
3980,25,0,4
3981,45,1,0
3982,56,0,13
3983,25,0,0
3984,25,0,7
3985,45,0,16
3986,25,0,7
3987,18,1,4
3988,25,1,14
3989,50,0,12
3990,25,0,16
3991,25,0,7
3992,25,0,4
3993,25,0,0
3994,50,0,7
3995,35,0,17
3996,18,0,14
3997,35,0,17
3998,45,0,0
3999,35,0,17
4000,35,0,7
4001,25,1,1
4002,45,0,16
4003,56,0,13
4004,50,0,0
4005,35,0,7
4006,1,0,7
4007,35,0,12
4008,18,0,1
4009,18,0,7
4010,25,0,14
4011,25,0,17
4012,18,0,4
4013,25,0,1
4014,25,0,0
4015,45,1,3
4016,50,0,0
4017,25,0,14
4018,45,1,20
4019,35,0,17
4020,25,0,6
4021,50,0,20
4022,35,0,14
4023,35,1,9
4024,25,0,5
4025,56,1,6
4026,25,0,7
4027,25,1,7
4028,25,0,4
4029,56,1,3
4030,35,0,7
4031,25,0,0
4032,25,0,12
4033,25,0,6
4034,25,0,0
4035,18,0,4
4036,25,0,1
4037,50,0,16
4038,50,0,6
4039,25,0,16
4040,25,0,20
4041,18,0,3
4042,35,0,15
4043,25,1,15
4044,35,1,3
4045,56,0,13
4046,45,0,17
4047,18,0,4
4048,35,1,1
4049,45,0,11
4050,35,0,6
4051,18,0,14
4052,25,0,2
4053,25,0,18
4054,35,0,3
4055,50,0,0
4056,1,0,10
4057,35,0,6
4058,25,0,6
4059,25,0,14
4060,25,0,18
4061,50,0,6
4062,25,0,7
4063,35,1,1
4064,45,0,0
4065,45,1,5
4066,25,0,0
4067,45,0,20
4068,56,0,3
4069,35,0,15
4070,25,0,15
4071,25,0,17
4072,50,0,6
4073,25,0,6
4074,35,0,6
4075,25,0,16
4076,25,0,17
4077,35,1,2
4078,25,0,15
4079,35,0,17
4080,35,0,1
4081,18,0,12
4082,25,0,20
4083,56,0,14
4084,56,0,13
4085,25,1,6
4086,1,1,10
4087,1,0,4
4088,25,0,3
4089,25,0,7
4090,56,0,6
4091,25,0,17
4092,25,1,0
4093,25,0,4
4094,25,0,17
4095,25,0,0
4096,25,0,15
4097,25,0,7
4098,35,0,7
4099,35,0,17
4100,56,0,6
4101,18,0,4
4102,1,0,10
4103,18,0,16
4104,18,0,16
4105,50,0,7
4106,25,0,16
4107,25,1,0
4108,35,0,17
4109,35,0,3
4110,45,1,7
4111,25,0,15
4112,45,0,18
4113,35,0,17
4114,35,0,14
4115,25,0,15
4116,35,0,7
4117,18,0,4
4118,25,0,3
4119,50,0,1
4120,25,0,16
4121,45,0,7
4122,18,0,19
4123,25,1,4
4124,25,0,18
4125,35,0,2
4126,25,0,17
4127,50,0,17
4128,35,0,6
4129,56,0,11
4130,35,0,6
4131,45,0,7
4132,25,0,17
4133,45,0,4
4134,45,1,12
4135,1,0,10
4136,50,0,16
4137,25,0,7
4138,25,0,7
4139,56,0,14
4140,25,0,0
4141,35,0,17
4142,56,0,7
4143,25,1,5
4144,18,0,4
4145,50,1,1
4146,35,0,17
4147,50,1,7
4148,35,1,7
4149,35,0,1
4150,25,0,0
4151,45,0,20
4152,25,0,14
4153,50,0,17
4154,25,0,1
4155,50,0,17
4156,56,0,20
4157,50,0,18
4158,1,1,10
4159,50,1,9
4160,35,0,20
4161,45,0,0
4162,25,1,14
4163,56,0,7
4164,35,0,1
4165,25,1,14
4166,25,1,7
4167,25,0,20
4168,45,1,6
4169,50,0,0
4170,45,0,7
4171,56,0,16
4172,35,0,7
4173,18,1,11
4174,35,1,3
4175,35,0,0
4176,45,0,7
4177,35,0,17
4178,50,1,16
4179,35,1,20
4180,56,0,13
4181,25,1,7
4182,25,0,18
4183,25,0,1
4184,50,0,7
4185,25,0,14
4186,25,0,7
4187,56,1,20
4188,50,0,7
4189,35,0,14
4190,45,0,17
4191,45,1,15
4192,35,0,17
4193,56,0,13
4194,18,0,4
4195,56,1,13
4196,35,0,14
4197,45,1,1
4198,18,0,4
4199,25,1,9
4200,45,0,7
4201,25,1,0
4202,25,0,7
4203,25,0,18
4204,35,0,7
4205,25,1,15
4206,35,1,1
4207,35,0,1
4208,35,1,0
4209,56,0,0
4210,25,0,17
4211,45,0,5
4212,56,0,18
4213,35,0,7
4214,25,1,0
4215,25,0,7
4216,25,0,17
4217,18,0,4
4218,50,0,17
4219,35,0,17
4220,35,0,0
4221,35,0,4
4222,45,1,17
4223,35,1,17
4224,45,1,1
4225,25,1,3
4226,35,1,6
4227,25,0,19
4228,50,0,18
4229,35,0,17
4230,56,0,13
4231,50,1,18
4232,35,1,20
4233,35,0,4
4234,45,1,3
4235,50,0,2
4236,25,1,3
4237,25,0,14
4238,35,0,16
4239,50,0,7
4240,35,0,17
4241,35,0,7
4242,50,0,7
4243,56,0,7
4244,35,0,17
4245,50,0,12
4246,35,1,7
4247,25,0,4
4248,25,0,4
4249,18,1,17
4250,50,1,0
4251,45,0,7
4252,35,1,3
4253,45,0,11
4254,25,0,17
4255,50,0,12
4256,1,1,2
4257,50,0,16
4258,25,0,17
4259,35,0,17
4260,25,0,16
4261,35,1,6
4262,35,1,6
4263,25,0,7
4264,45,0,1
4265,25,0,12
4266,56,0,13
4267,35,0,7
4268,45,1,20
4269,35,0,18
4270,45,0,7
4271,35,0,7
4272,45,0,17
4273,45,0,13
4274,45,1,1
4275,45,1,16
4276,45,1,0
4277,35,0,16
4278,45,1,7
4279,25,0,16
4280,35,0,17
4281,56,0,13
4282,35,0,0
4283,25,1,9
4284,50,0,7
4285,35,0,0
4286,35,0,17
4287,25,0,7
4288,25,1,9
4289,35,0,14
4290,25,0,17
4291,35,0,14
4292,25,0,0
4293,45,1,9
4294,1,0,10
4295,18,0,18
4296,56,0,6
4297,45,0,15
4298,18,1,14
4299,25,1,2
4300,18,1,4
4301,35,0,11
4302,50,0,1
4303,25,0,2
4304,18,0,0
4305,45,1,17
4306,45,0,7
4307,25,0,0
4308,25,0,0
4309,25,0,0
4310,25,0,4
4311,50,0,13
4312,25,0,18
4313,25,1,7
4314,25,0,17
4315,18,0,4
4316,25,0,6
4317,35,1,14
4318,25,0,5
4319,35,0,7
4320,25,0,5
4321,45,0,7
4322,50,1,6
4323,18,0,4
4324,25,0,5
4325,25,0,0
4326,45,1,13
4327,35,0,17
4328,50,0,3
4329,25,1,14
4330,45,1,6
4331,35,0,6
4332,25,1,3
4333,50,0,2
4334,25,0,1
4335,35,0,0
4336,25,1,0
4337,18,0,20
4338,18,1,5
4339,25,0,2
4340,25,1,17
4341,35,0,17
4342,25,0,0
4343,25,0,12
4344,25,0,1
4345,25,1,14
4346,18,0,17
4347,18,1,20
4348,45,0,0
4349,18,0,2
4350,18,0,2
4351,25,0,12
4352,18,0,4
4353,25,0,7
4354,35,0,14
4355,50,0,14
4356,35,0,16
4357,35,1,9
4358,35,0,17
4359,18,0,4
4360,25,1,9
4361,35,0,15
4362,25,0,17
4363,35,0,14
4364,25,0,18
4365,50,1,16
4366,18,0,15
4367,35,0,0
4368,18,0,17
4369,50,0,7
4370,25,0,16
4371,18,1,4
4372,35,0,17
4373,50,0,12
4374,18,0,4
4375,25,1,5
4376,25,1,5
4377,25,0,0
4378,18,0,17
4379,25,0,4
4380,25,1,1
4381,25,0,4
4382,25,0,18
4383,18,1,4
4384,25,0,0
4385,25,0,4
4386,25,0,5
4387,18,1,4
4388,45,0,3
4389,25,0,4
4390,25,0,0
4391,18,1,4
4392,18,0,4
4393,18,0,4
4394,25,0,4
4395,50,0,6
4396,18,0,1
4397,18,0,4
4398,18,1,4
4399,18,1,4
4400,18,1,4
4401,18,0,4
4402,18,1,14
4403,25,0,15
4404,25,0,1
4405,25,0,14
4406,25,0,16
4407,18,0,4
4408,45,1,2
4409,25,0,14
4410,18,0,19
4411,18,0,4
4412,18,0,4
4413,1,0,13
4414,25,0,4
4415,18,0,0
4416,18,0,4
4417,25,0,15
4418,50,1,0
4419,45,1,12
4420,25,0,15
4421,45,0,0
4422,25,0,5
4423,18,0,4
4424,25,0,7
4425,35,0,7
4426,45,0,17
4427,18,0,0
4428,25,0,14
4429,25,0,5
4430,25,1,0
4431,1,0,14
4432,25,0,12
4433,25,0,0
4434,35,1,7
4435,25,0,7
4436,25,0,12
4437,35,1,5
4438,50,0,0
4439,35,0,6
4440,35,0,1
4441,18,0,4
4442,50,0,15
4443,56,0,2
4444,25,1,12
4445,25,0,3
4446,18,0,18
4447,45,0,5
4448,25,0,14
4449,25,0,12
4450,25,0,15
4451,25,0,14
4452,25,1,7
4453,35,0,0
4454,25,0,20
4455,35,0,7
4456,35,1,2
4457,35,0,14
4458,25,1,4
4459,25,0,1
4460,25,0,14
4461,25,0,20
4462,25,1,0
4463,50,0,7
4464,50,1,1
4465,18,0,4
4466,35,0,11
4467,50,1,6
4468,35,1,7
4469,45,1,12
4470,35,0,12
4471,25,0,6
4472,45,1,16
4473,35,0,1
4474,35,0,7
4475,18,0,4
4476,45,0,1
4477,25,0,7
4478,1,0,12
4479,50,0,13
4480,25,0,0
4481,25,0,18
4482,35,1,1
4483,25,1,6
4484,25,1,17
4485,25,0,4
4486,35,0,8
4487,25,0,7
4488,35,0,7
4489,18,0,4
4490,35,0,5
4491,18,0,4
4492,56,0,13
4493,1,1,10
4494,45,0,0
4495,18,0,4
4496,45,0,2
4497,50,0,0
4498,50,0,7
4499,25,0,6
4500,50,0,7
4501,25,0,17
4502,50,0,0
4503,56,0,1
4504,25,1,0
4505,50,0,7
4506,50,0,16
4507,18,0,4
4508,25,0,20
4509,25,0,7
4510,45,0,7
4511,35,0,7
4512,25,0,1
4513,56,0,0
4514,18,0,3
4515,56,0,13
4516,18,0,4
4517,18,1,1
4518,25,0,0
4519,50,0,7
4520,25,0,4
4521,35,0,12
4522,45,0,1
4523,18,0,2
4524,25,0,2
4525,25,0,14
4526,25,0,20
4527,18,0,0
4528,25,0,14
4529,35,0,6
4530,35,1,1
4531,18,0,4
4532,25,0,7
4533,25,0,12
4534,18,0,4
4535,18,0,19
4536,18,0,12
4537,45,1,1
4538,25,0,12
4539,35,0,19
4540,25,1,14
4541,1,0,10
4542,35,0,0
4543,25,0,2
4544,56,0,1
4545,25,0,16
4546,25,0,7
4547,18,0,12
4548,18,0,2
4549,1,1,10
4550,18,0,16
4551,18,0,12
4552,25,0,0
4553,35,1,16
4554,25,1,9
4555,18,1,9
4556,45,0,16
4557,25,0,14
4558,35,0,14
4559,25,0,7
4560,25,0,0
4561,25,1,9
4562,35,0,10
4563,25,1,6
4564,35,0,12
4565,35,0,14
4566,35,0,17
4567,18,0,4
4568,25,1,4
4569,25,0,0
4570,45,0,17
4571,35,0,7
4572,1,1,10
4573,50,0,16
4574,25,0,4
4575,1,1,10
4576,25,1,7
4577,35,0,7
4578,25,0,0
4579,18,1,4
4580,56,1,13
4581,25,0,1
4582,25,1,0
4583,50,0,1
4584,45,1,0
4585,35,0,7
4586,25,0,4
4587,35,0,14
4588,25,1,4
4589,25,0,17
4590,18,1,20
4591,25,0,15
4592,18,0,4
4593,45,1,1
4594,35,0,16
4595,25,0,18
4596,18,1,4
4597,25,1,4
4598,35,1,3
4599,35,1,0
4600,25,0,0
4601,35,0,14
4602,35,0,7
4603,35,1,2
4604,25,0,15
4605,25,0,15
4606,1,1,10
4607,25,0,0
4608,25,1,0
4609,25,1,4
4610,25,1,4
4611,18,1,4
4612,18,1,4
4613,25,0,12
4614,45,1,1
4615,25,0,17
4616,25,0,20
4617,25,1,6
4618,25,0,14
4619,25,1,1
4620,18,1,17
4621,25,0,4
4622,25,0,12
4623,25,0,16
4624,25,0,12
4625,25,0,7
4626,25,0,14
4627,56,0,1
4628,56,1,6
4629,18,1,4
4630,25,1,4
4631,18,0,4
4632,25,0,0
4633,1,0,0
4634,50,0,20
4635,18,0,4
4636,18,0,2
4637,35,1,9
4638,25,0,4
4639,35,0,11
4640,25,0,4
4641,25,0,7
4642,25,0,0
4643,25,0,0
4644,50,0,1
4645,50,1,6
4646,25,1,6
4647,35,0,20
4648,18,0,4
4649,56,0,13
4650,25,0,7
4651,45,1,0
4652,25,1,7
4653,35,0,12
4654,35,0,20
4655,25,1,1
4656,25,0,17
4657,45,0,14
4658,25,0,4
4659,25,1,14
4660,18,1,4
4661,45,0,15
4662,18,1,4
4663,25,0,4
4664,45,1,7
4665,35,0,2
4666,35,0,1
4667,25,0,14
4668,35,0,14
4669,35,0,7
4670,35,0,5
4671,25,0,12
4672,56,0,13
4673,35,0,16
4674,35,1,7
4675,18,1,4
4676,45,0,14
4677,50,0,6
4678,35,0,2
4679,56,0,13
4680,35,0,0
4681,35,1,15
4682,25,0,7
4683,25,0,0
4684,25,1,0
4685,35,0,1
4686,18,0,1
4687,35,0,14
4688,25,0,9
4689,18,0,12
4690,1,1,10
4691,45,1,17
4692,25,1,7
4693,18,0,1
4694,56,0,7
4695,18,0,18
4696,18,0,12
4697,18,0,10
4698,25,1,6
4699,18,1,0
4700,18,1,4
4701,45,0,17
4702,25,0,11
4703,25,0,7
4704,18,0,20
4705,18,1,0
4706,25,0,14
4707,1,0,0
4708,25,0,0
4709,45,0,0
4710,35,1,16
4711,25,0,17
4712,35,0,17
4713,25,0,17
4714,50,0,1
4715,25,0,2
4716,25,1,16
4717,45,0,17
4718,35,0,7
4719,35,1,9
4720,25,0,2
4721,35,0,11
4722,35,0,12
4723,35,0,7
4724,56,1,6
4725,35,0,5
4726,35,1,16
4727,56,1,0
4728,25,0,19
4729,50,0,16
4730,50,0,11
4731,25,0,17
4732,25,0,14
4733,18,0,18
4734,50,0,1
4735,45,0,3
4736,18,0,20
4737,35,0,16
4738,56,0,1
4739,25,0,3
4740,25,1,3
4741,35,0,7
4742,25,0,3
4743,56,0,13
4744,50,0,15
4745,18,1,4
4746,50,0,1
4747,18,0,4
4748,45,0,16
4749,45,0,0
4750,25,1,0
4751,50,0,15
4752,18,1,4
4753,56,0,1
4754,18,1,0
4755,56,1,7
4756,56,0,16
4757,35,0,17
4758,56,1,13
4759,50,1,0
4760,35,0,17
4761,18,0,15
4762,25,1,14
4763,56,0,11
4764,1,0,10
4765,35,1,16
4766,35,0,16
4767,35,1,9
4768,25,0,4
4769,25,0,1
4770,35,1,7
4771,25,1,4
4772,56,0,17
4773,45,0,1
4774,45,0,14
4775,25,0,17
4776,25,1,3
4777,25,0,2
4778,25,0,0
4779,45,0,3
4780,25,0,12
4781,50,1,6
4782,45,0,1
4783,25,0,0
4784,35,1,6
4785,25,1,14
4786,45,0,6
4787,1,0,11
4788,35,0,7
4789,35,0,2
4790,25,1,2
4791,18,0,4
4792,50,1,7
4793,25,1,6
4794,35,1,0
4795,45,0,16
4796,35,0,7
4797,35,1,17
4798,25,0,1
4799,18,1,4
4800,18,0,4
4801,25,0,4
4802,56,0,1
4803,25,1,16
4804,35,1,1
4805,35,0,1
4806,25,0,17
4807,1,0,2
4808,35,0,0
4809,50,1,4
4810,18,0,12
4811,35,0,1
4812,18,0,14
4813,35,1,9
4814,18,0,14
4815,50,1,18
4816,45,1,6
4817,25,0,1
4818,25,1,17
4819,35,0,18
4820,50,0,11
4821,18,0,19
4822,35,1,0
4823,18,0,4
4824,25,0,7
4825,25,0,17
4826,45,0,12
4827,35,0,0
4828,18,1,20
4829,25,0,0
4830,1,0,10
4831,25,1,1
4832,25,0,14
4833,35,0,16
4834,45,1,9
4835,25,0,20
4836,45,1,16
4837,25,0,5
4838,45,0,1
4839,50,1,6
4840,45,1,6
4841,25,0,12
4842,35,1,1
4843,56,0,1
4844,45,0,7
4845,25,1,1
4846,25,1,2
4847,25,0,12
4848,35,1,6
4849,18,1,4
4850,45,1,3
4851,18,0,17
4852,35,0,0
4853,25,0,7
4854,50,1,13
4855,25,0,12
4856,25,0,7
4857,25,0,14
4858,25,0,1
4859,18,1,14
4860,25,0,2
4861,25,0,4
4862,25,0,0
4863,25,1,9
4864,18,0,20
4865,35,1,14
4866,56,0,12
4867,25,0,16
4868,35,0,17
4869,45,1,6
4870,35,1,3
4871,18,0,12
4872,45,0,1
4873,56,0,11
4874,25,1,4
4875,35,0,0
4876,35,1,17
4877,25,0,4
4878,50,0,4
4879,25,0,3
4880,45,1,9
4881,45,0,16
4882,45,0,11
4883,1,1,10
4884,35,0,14
4885,56,0,1
4886,35,1,17
4887,18,0,2
4888,56,1,0
4889,18,0,4
4890,25,1,1
4891,35,0,17
4892,25,0,12
4893,25,0,17
4894,35,0,7
4895,25,1,3
4896,35,0,6
4897,35,0,16
4898,25,0,1
4899,25,0,12
4900,25,0,20
4901,25,0,7
4902,35,0,14
4903,35,0,12
4904,50,0,15
4905,45,1,1
4906,50,0,17
4907,50,1,7
4908,35,0,15
4909,35,1,12
4910,18,0,12
4911,25,1,0
4912,50,1,20
4913,25,1,1
4914,25,1,1
4915,25,0,12
4916,18,0,20
4917,45,0,0
4918,18,1,12
4919,18,0,0
4920,35,0,1
4921,25,1,15
4922,18,0,17
4923,45,0,18
4924,35,1,0
4925,35,1,6
4926,1,0,10
4927,45,0,0
4928,25,1,3
4929,45,0,1
4930,50,0,17
4931,50,0,17
4932,25,0,7
4933,25,0,15
4934,25,1,0
4935,35,0,17
4936,18,1,4
4937,35,0,0
4938,18,1,4
4939,25,0,7
4940,50,1,11
4941,56,0,20
4942,45,0,12
4943,50,1,0
4944,50,0,17
4945,50,0,0
4946,35,1,1
4947,35,0,17
4948,45,0,2
4949,18,0,4
4950,25,0,16
4951,35,1,17
4952,25,1,14
4953,35,0,12
4954,45,0,0
4955,56,0,13
4956,35,0,15
4957,25,0,2
4958,18,0,7
4959,25,0,17
4960,56,0,1
4961,25,0,7
4962,25,0,6
4963,45,0,17
4964,35,0,0
4965,1,0,10
4966,50,0,14
4967,18,0,4
4968,50,1,20
4969,18,0,19
4970,25,1,12
4971,35,0,7
4972,35,0,0
4973,56,1,2
4974,35,0,20
4975,35,0,0
4976,25,0,11
4977,25,0,4
4978,35,0,14
4979,35,0,2
4980,25,0,1
4981,50,0,1
4982,25,0,12
4983,45,1,16
4984,35,0,0
4985,35,0,0
4986,18,0,12
4987,56,1,8
4988,25,0,17
4989,25,0,0
4990,25,1,4
4991,56,1,14
4992,25,1,2
4993,45,0,17
4994,45,0,17
4995,50,0,20
4996,35,0,7
4997,1,0,10
4998,18,1,4
4999,56,1,13
5000,25,0,4
5001,25,1,2
5002,25,0,17
5003,35,0,12
5004,56,1,1
5005,45,0,16
5006,35,0,3
5007,18,1,4
5008,25,0,20
5009,45,1,16
5010,45,0,15
5011,18,0,4
5012,50,0,15
5013,18,0,4
5014,45,0,0
5015,35,0,6
5016,35,1,1
5017,35,0,12
5018,56,1,12
5019,25,0,7
5020,56,1,13
5021,50,0,6
5022,35,0,7
5023,35,0,20
5024,45,1,1
5025,25,0,20
5026,25,0,17
5027,25,1,14
5028,25,0,12
5029,25,0,4
5030,18,0,1
5031,25,1,4
5032,18,0,17
5033,56,1,13
5034,25,1,15
5035,25,1,17
5036,35,0,7
5037,35,0,12
5038,25,0,20
5039,35,1,4
5040,45,0,12
5041,45,1,6
5042,18,1,2
5043,18,1,6
5044,35,1,6
5045,35,0,0
5046,25,0,16
5047,45,0,6
5048,35,1,7
5049,25,0,12
5050,18,1,4
5051,50,1,7
5052,35,0,16
5053,25,0,4
5054,35,0,2
5055,35,1,16
5056,45,0,1
5057,50,0,7
5058,56,0,17
5059,45,0,16
5060,45,0,17
5061,18,1,19
5062,50,0,16
5063,1,1,10
5064,18,0,4
5065,25,0,14
5066,25,1,1
5067,56,0,13
5068,35,0,7
5069,56,1,0
5070,25,0,2
5071,25,1,7
5072,45,0,17
5073,56,0,2
5074,1,0,0
5075,50,0,6
5076,25,0,3
5077,25,0,2
5078,45,0,7
5079,25,0,4
5080,50,1,12
5081,18,1,4
5082,35,0,1
5083,25,0,4
5084,18,0,4
5085,56,0,17
5086,25,0,1
5087,25,1,6
5088,25,0,17
5089,35,1,16
5090,35,1,19
5091,25,0,17
5092,56,0,14
5093,50,0,7
5094,18,0,10
5095,35,1,1
5096,25,0,11
5097,56,0,16
5098,50,0,7
5099,18,0,0
5100,50,0,6
5101,25,0,0
5102,25,0,12
5103,35,1,16
5104,35,0,20
5105,50,0,7
5106,35,1,1
5107,45,1,0
5108,25,1,9
5109,45,1,6
5110,35,0,15
5111,35,0,2
5112,35,0,13
5113,25,0,0
5114,1,1,10
5115,56,0,12
5116,35,0,6
5117,25,1,0
5118,1,0,10
5119,25,1,0
5120,50,0,7
5121,25,0,7
5122,25,0,0
5123,50,0,12
5124,35,0,2
5125,45,0,0
5126,25,0,11
5127,45,0,5
5128,50,0,7
5129,45,0,17
5130,50,1,1
5131,25,1,1
5132,35,0,7
5133,18,0,11
5134,25,0,17
5135,35,0,7
5136,25,0,12
5137,18,0,18
5138,25,0,17
5139,50,0,16
5140,25,0,6
5141,18,0,17
5142,25,0,1
5143,18,0,4
5144,50,1,0
5145,35,0,7
5146,56,0,1
5147,18,0,0
5148,25,0,20
5149,35,0,1
5150,25,0,3
5151,18,0,19
5152,25,1,4
5153,25,0,7
5154,25,0,16
5155,25,0,16
5156,18,0,14
5157,35,0,1
5158,18,1,4
5159,35,0,7
5160,18,1,4
5161,25,0,4
5162,25,0,17
5163,45,0,6
5164,35,1,17
5165,35,0,6
5166,50,0,6
5167,18,0,15
5168,35,0,7
5169,50,1,4
5170,18,0,4
5171,56,0,17
5172,35,1,11
5173,1,0,10
5174,45,0,1
5175,35,1,9
5176,1,0,10
5177,45,0,14
5178,50,0,0
5179,25,0,12
5180,35,0,11
5181,25,0,7
5182,35,1,7
5183,18,1,20
5184,18,0,20
5185,35,1,4
5186,35,0,12
5187,18,0,16
5188,35,1,9
5189,45,1,7
5190,35,1,0
5191,25,1,4
5192,25,0,7
5193,35,0,12
5194,25,0,7
5195,35,0,7
5196,56,0,7
5197,56,1,3
5198,18,1,4
5199,25,1,1
5200,35,1,15
5201,50,0,7
5202,18,0,4
5203,45,1,6
5204,50,0,13
5205,25,0,1
5206,35,0,7
5207,25,0,0
5208,25,0,4
5209,50,0,1
5210,35,1,17
5211,25,0,1
5212,18,0,2
5213,18,0,0
5214,35,1,9
5215,56,1,6
5216,18,0,2
5217,25,0,17
5218,18,0,0
5219,18,0,4
5220,25,0,7
5221,56,1,1
5222,25,0,12
5223,56,0,10
5224,35,0,1
5225,18,0,4
5226,35,0,0
5227,18,0,10
5228,1,0,0
5229,25,0,0
5230,25,0,12
5231,35,0,7
5232,25,0,4
5233,25,0,5
5234,25,1,0
5235,25,0,4
5236,25,0,14
5237,25,0,7
5238,50,1,16
5239,35,0,7
5240,25,1,0
5241,25,1,4
5242,25,0,1
5243,1,0,10
5244,18,0,4
5245,45,1,1
5246,18,1,0
5247,1,1,10
5248,45,1,14
5249,45,1,14
5250,50,0,6
5251,25,1,17
5252,25,0,20
5253,56,1,13
5254,18,0,4
5255,1,0,10
5256,25,0,16
5257,25,1,2
5258,35,0,4
5259,25,0,6
5260,35,0,7
5261,35,0,12
5262,25,1,14
5263,35,0,7
5264,18,0,4
5265,45,0,1
5266,35,0,1
5267,35,0,7
5268,25,1,2
5269,18,0,0
5270,25,0,12
5271,25,1,0
5272,25,0,7
5273,56,0,20
5274,25,0,0
5275,25,0,17
5276,25,1,4
5277,25,0,20
5278,25,1,7
5279,25,1,14
5280,18,0,4
5281,25,0,2
5282,18,1,4
5283,18,0,2
5284,25,0,16
5285,18,0,4
5286,45,0,16
5287,25,0,8
5288,56,0,13
5289,45,0,2
5290,18,1,4
5291,45,0,1
5292,25,0,0
5293,25,0,12
5294,25,0,2
5295,35,0,7
5296,1,1,0
5297,25,0,12
5298,35,0,17
5299,25,0,2
5300,25,0,20
5301,25,0,17
5302,1,1,10
5303,56,1,6
5304,35,1,9
5305,18,1,4
5306,25,1,17
5307,25,0,5
5308,56,0,7
5309,25,0,0
5310,56,1,1
5311,50,0,0
5312,25,0,1
5313,56,0,0
5314,25,1,0
5315,25,0,12
5316,18,0,4
5317,25,1,0
5318,18,0,17
5319,18,0,17
5320,18,1,5
5321,25,0,4
5322,35,0,17
5323,25,0,20
5324,25,0,7
5325,50,1,7
5326,25,0,2
5327,25,0,7
5328,25,1,4
5329,25,1,5
5330,25,1,0
5331,35,0,14
5332,18,0,4
5333,25,1,7
5334,56,1,13
5335,25,0,14
5336,56,0,7
5337,35,1,3
5338,25,0,17
5339,18,0,17
5340,50,1,3
5341,25,1,3
5342,35,1,7
5343,25,1,9
5344,50,1,1
5345,25,1,17
5346,25,1,3
5347,25,0,6
5348,18,0,5
5349,50,1,2
5350,18,0,5
5351,45,1,1
5352,35,1,5
5353,25,0,6
5354,45,1,3
5355,56,0,0
5356,45,0,0
5357,18,1,20
5358,35,0,7
5359,18,0,16
5360,18,0,12
5361,50,1,16
5362,35,0,13
5363,56,0,13
5364,25,1,3
5365,18,0,12
5366,18,0,12
5367,18,0,4
5368,25,1,17
5369,25,0,15
5370,25,0,12
5371,25,0,11
5372,25,0,4
5373,18,0,12
5374,35,0,7
5375,25,0,0
5376,25,0,17
5377,18,1,3
5378,35,0,18
5379,25,0,7
5380,18,0,4
5381,25,0,14
5382,18,0,4
5383,35,0,1
5384,25,1,3
5385,25,0,12
5386,25,0,14
5387,25,1,1
5388,18,1,4
5389,45,0,7
5390,1,0,0
5391,25,0,7
5392,50,0,1
5393,35,0,7
5394,18,0,0
5395,50,0,1
5396,25,0,6
5397,18,0,0
5398,56,0,17
5399,25,0,1
5400,18,1,4
5401,18,1,1
5402,25,1,0
5403,1,0,10
5404,25,0,0
5405,50,1,7
5406,35,1,0
5407,35,1,17
5408,25,0,20
5409,45,0,1
5410,45,1,2
5411,1,1,19
5412,25,0,12
5413,35,0,1
5414,1,0,10
5415,25,1,7
5416,25,1,5
5417,18,0,17
5418,25,1,0
5419,18,1,12
5420,1,1,19
5421,35,0,17
5422,50,0,7
5423,50,1,5
5424,35,1,2
5425,18,0,4
5426,25,0,14
5427,35,0,19
5428,25,1,6
5429,25,1,1
5430,45,1,1
5431,56,0,1
5432,56,0,13
5433,35,1,17
5434,25,1,7
5435,45,0,18
5436,18,0,4
5437,25,0,11
5438,25,0,14
5439,56,0,13
5440,45,1,2
5441,50,0,7
5442,25,0,7
5443,25,0,12
5444,18,1,4
5445,25,0,0
5446,50,1,1
5447,45,0,2
5448,45,0,19
5449,18,0,12
5450,18,0,12
5451,25,1,1
5452,35,0,6
5453,18,0,4
5454,35,0,7
5455,18,1,17
5456,35,0,1
5457,18,0,12
5458,18,1,2
5459,1,1,10
5460,18,0,4
5461,50,0,0
5462,25,0,17
5463,35,0,0
5464,35,0,7
5465,25,1,0
5466,25,0,12
5467,35,0,0
5468,25,0,12
5469,35,0,12
5470,56,0,7
5471,18,0,7
5472,35,0,1
5473,25,0,1
5474,25,0,12
5475,25,0,4
5476,35,1,0
5477,35,0,1
5478,35,0,7
5479,35,0,1
5480,25,1,14
5481,45,0,12
5482,18,0,7
5483,25,1,6
5484,45,0,17
5485,25,0,4
5486,25,0,0
5487,25,0,17
5488,25,0,15
5489,18,0,7
5490,45,0,17
5491,18,0,7
5492,18,0,4
5493,35,0,12
5494,35,1,17
5495,18,1,4
5496,25,0,7
5497,25,0,4
5498,50,1,1
5499,25,1,19
5500,35,1,20
5501,25,0,2
5502,25,0,2
5503,25,1,9
5504,45,0,7
5505,25,1,4
5506,18,1,14
5507,45,0,7
5508,25,0,20
5509,25,0,0
5510,18,0,4
5511,45,0,1
5512,25,1,17
5513,35,0,1
5514,1,1,10
5515,18,0,4
5516,50,1,16
5517,56,0,0
5518,50,0,17
5519,35,0,15
5520,45,0,1
5521,25,1,6
5522,25,0,14
5523,35,0,0
5524,1,1,10
5525,1,1,10
5526,35,1,2
5527,25,0,1
5528,50,0,1
5529,18,0,6
5530,18,1,4
5531,50,0,17
5532,25,0,17
5533,50,1,2
5534,45,0,16
5535,25,0,15
5536,25,0,16
5537,56,1,1
5538,45,0,12
5539,25,1,20
5540,35,0,1
5541,56,0,7
5542,45,0,7
5543,25,0,17
5544,25,0,15
5545,35,1,16
5546,18,0,14
5547,18,1,4
5548,18,1,4
5549,50,1,9
5550,35,0,15
5551,35,1,20
5552,50,0,7
5553,35,0,3
5554,25,0,1
5555,1,0,10
5556,45,0,6
5557,35,0,14
5558,1,0,10
5559,50,0,1
5560,35,1,17
5561,25,1,3
5562,35,1,1
5563,25,1,7
5564,45,0,20
5565,18,0,17
5566,35,0,7
5567,50,0,3
5568,18,0,4
5569,18,1,1
5570,25,0,1
5571,25,1,9
5572,25,1,4
5573,35,1,1
5574,25,0,0
5575,35,0,7
5576,25,0,4
5577,50,0,1
5578,18,1,1
5579,35,1,7
5580,45,0,7
5581,25,0,0
5582,45,0,1
5583,56,0,15
5584,50,1,0
5585,25,0,4
5586,35,0,20
5587,25,0,17
5588,25,1,20
5589,25,1,0
5590,45,1,12
5591,18,0,0
5592,25,0,1
5593,50,0,16
5594,45,1,0
5595,25,0,20
5596,35,0,12
5597,18,1,4
5598,18,0,4
5599,35,0,7
5600,45,1,0
5601,35,0,1
5602,35,0,0
5603,50,0,7
5604,35,0,15
5605,18,1,2
5606,25,1,14
5607,18,0,4
5608,18,0,3
5609,50,1,1
5610,25,1,1
5611,35,1,7
5612,25,1,1
5613,35,1,0
5614,25,0,0
5615,35,0,7
5616,45,0,1
5617,25,0,14
5618,18,1,4
5619,18,1,4
5620,35,0,14
5621,25,0,7
5622,35,0,15
5623,25,0,11
5624,25,0,7
5625,25,0,1
5626,56,0,16
5627,25,0,0
5628,18,0,4
5629,25,0,14
5630,35,0,17
5631,35,0,12
5632,18,1,4
5633,50,0,1
5634,25,0,14
5635,35,1,9
5636,25,0,7
5637,1,0,10
5638,18,0,1
5639,18,1,4
5640,35,0,17
5641,25,1,17
5642,1,0,10
5643,35,1,1
5644,18,1,4
5645,25,0,2
5646,18,0,4
5647,18,0,1
5648,25,0,17
5649,18,1,4
5650,35,1,12
5651,25,1,6
5652,18,0,0
5653,50,0,1
5654,25,0,4
5655,25,1,6
5656,25,0,15
5657,50,0,14
5658,56,0,0
5659,25,0,0
5660,25,0,2
5661,25,1,15
5662,1,0,10
5663,35,1,20
5664,18,0,4
5665,18,0,4
5666,18,0,16
5667,35,0,7
5668,25,1,3
5669,56,0,1
5670,18,0,4
5671,25,0,1
5672,25,1,4
5673,35,1,1
5674,35,0,7
5675,35,0,14
5676,25,0,20
5677,25,0,1
5678,35,0,17
5679,35,0,2
5680,50,0,20
5681,25,1,7
5682,18,0,0
5683,18,1,9
5684,18,0,16
5685,25,0,17
5686,56,0,16
5687,1,1,0
5688,18,1,4
5689,25,0,0
5690,18,0,4
5691,35,0,14
5692,25,1,7
5693,25,1,4
5694,25,1,12
5695,35,1,3
5696,25,1,14
5697,25,0,0
5698,35,0,14
5699,35,0,15
5700,18,1,14
5701,25,0,7
5702,18,0,0
5703,56,0,1
5704,18,1,4
5705,18,1,4
5706,18,0,17
5707,25,0,12
5708,35,0,1
5709,18,0,4
5710,25,0,15
5711,25,0,7
5712,35,0,1
5713,50,1,7
5714,35,0,2
5715,18,0,4
5716,1,0,10
5717,25,0,0
5718,35,1,14
5719,56,0,7
5720,25,0,0
5721,45,0,11
5722,25,0,20
5723,18,0,12
5724,25,0,15
5725,18,0,2
5726,25,0,1
5727,25,0,4
5728,35,1,20
5729,18,0,10
5730,18,0,0
5731,25,1,11
5732,25,1,11
5733,25,0,4
5734,25,1,14
5735,25,0,6
5736,25,0,1
5737,45,0,15
5738,25,0,12
5739,25,0,7
5740,25,0,1
5741,50,0,13
5742,25,1,12
5743,35,1,0
5744,25,1,4
5745,18,1,4
5746,18,0,15
5747,25,0,0
5748,25,0,0
5749,25,0,2
5750,18,0,1
5751,1,1,0
5752,56,1,0
5753,18,0,17
5754,18,1,1
5755,35,1,2
5756,1,1,10
5757,1,0,10
5758,50,1,1
5759,25,1,1
5760,18,0,12
5761,25,0,20
5762,35,1,6
5763,25,1,1
5764,50,1,12
5765,25,0,11
5766,56,0,14
5767,25,0,2
5768,1,1,7
5769,45,0,14
5770,25,0,0
5771,25,0,7
5772,35,0,7
5773,25,0,6
5774,18,0,4
5775,25,0,11
5776,18,0,12
5777,1,0,0
5778,35,0,12
5779,25,0,5
5780,18,0,17
5781,25,0,2
5782,35,1,0
5783,45,1,1
5784,18,0,10
5785,25,1,7
5786,25,0,6
5787,25,0,20
5788,25,0,0
5789,25,0,17
5790,35,1,0
5791,18,0,4
5792,25,0,17
5793,25,0,2
5794,35,0,17
5795,25,0,1
5796,25,1,7
5797,25,0,7
5798,35,0,0
5799,25,0,5
5800,35,0,18
5801,25,0,16
5802,25,1,0
5803,1,0,10
5804,35,1,7
5805,25,1,0
5806,50,1,1
5807,35,0,7
5808,25,1,7
5809,25,0,7
5810,50,0,16
5811,18,0,4
5812,25,1,7
5813,25,0,7
5814,25,0,0
5815,25,0,20
5816,25,0,0
5817,25,0,17
5818,25,0,4
5819,50,0,6
5820,45,0,0
5821,25,0,15
5822,35,1,4
5823,25,0,12
5824,18,0,12
5825,25,1,4
5826,18,0,4
5827,25,0,2
5828,25,0,17
5829,25,1,4
5830,18,1,4
5831,25,0,1
5832,25,1,0
5833,35,1,0
5834,56,0,16
5835,35,1,0
5836,25,0,0
5837,25,0,7
5838,45,1,7
5839,25,0,1
5840,1,1,0
5841,35,1,7
5842,25,0,4
5843,35,0,1
5844,1,1,10
5845,25,1,3
5846,45,0,16
5847,18,1,4
5848,50,0,20
5849,35,0,17
5850,25,1,7
5851,18,1,20
5852,25,1,1
5853,50,0,19
5854,45,0,7
5855,50,0,7
5856,25,1,7
5857,45,1,2
5858,25,0,4
5859,25,0,7
5860,25,1,4
5861,50,1,1
5862,25,1,9
5863,25,1,14
5864,50,1,1
5865,25,0,17
5866,25,1,6
5867,45,1,3
5868,35,0,14
5869,25,1,7
5870,25,0,14
5871,25,1,4
5872,25,0,17
5873,18,0,12
5874,25,0,4
5875,25,0,4
5876,50,0,7
5877,18,0,12
5878,25,1,0
5879,35,0,7
5880,25,0,1
5881,35,0,17
5882,35,0,7
5883,18,1,0
5884,18,0,4
5885,25,0,1
5886,25,0,20
5887,35,1,20
5888,25,0,20
5889,50,0,20
5890,35,0,20
5891,18,0,4
5892,45,0,2
5893,25,0,7
5894,35,0,0
5895,25,0,1
5896,25,0,0
5897,25,0,20
5898,18,1,0
5899,35,0,17
5900,25,0,7
5901,35,1,7
5902,50,0,16
5903,25,0,11
5904,45,1,12
5905,35,1,20
5906,18,1,4
5907,25,0,2
5908,25,0,4
5909,18,0,20
5910,45,1,20
5911,25,1,17
5912,25,0,1
5913,18,1,0
5914,35,0,2
5915,18,0,4
5916,50,0,20
5917,50,1,1
5918,25,0,12
5919,18,0,0
5920,25,1,1
5921,25,0,6
5922,56,0,3
5923,25,0,7
5924,35,0,0
5925,25,1,0
5926,50,1,7
5927,35,0,14
5928,45,0,1
5929,35,1,0
5930,35,1,17
5931,18,1,7
5932,18,0,14
5933,25,0,2
5934,25,0,14
5935,18,0,0
5936,18,0,4
5937,25,0,12
5938,25,0,1
5939,45,1,15
5940,50,0,12
5941,25,1,0
5942,45,0,1
5943,45,1,1
5944,18,1,10
5945,35,1,2
5946,56,1,1
5947,45,1,16
5948,56,0,13
5949,18,0,17
5950,25,0,4
5951,18,0,4
5952,45,1,1
5953,1,0,10
5954,45,0,11
5955,25,1,7
5956,18,1,4
5957,18,0,20
5958,45,0,14
5959,18,1,4
5960,45,1,0
5961,45,1,0
5962,35,0,7
5963,25,0,15
5964,18,0,5
5965,25,0,17
5966,35,1,9
5967,50,0,16
5968,56,0,7
5969,45,0,13
5970,35,0,11
5971,35,0,7
5972,25,1,20
5973,1,0,10
5974,25,1,1
5975,25,0,14
5976,25,1,1
5977,35,0,1
5978,35,0,1
5979,25,0,1
5980,56,0,1
5981,35,0,7
5982,35,0,1
5983,25,0,3
5984,25,0,1
5985,18,1,4
5986,56,1,1
5987,25,0,16
5988,25,0,15
5989,1,1,10
5990,25,1,20
5991,35,1,20
5992,18,1,4
5993,50,1,20
5994,35,0,1
5995,35,1,1
5996,25,1,0
5997,25,1,7
5998,18,0,4
5999,25,1,1
6000,45,0,17
6001,25,1,7
6002,50,0,0
6003,45,1,17
6004,25,1,15
6005,25,1,5
6006,1,1,0
6007,35,0,17
6008,18,0,4
6009,25,1,12
6010,35,0,0
6011,35,0,15
6012,35,0,15
6013,25,1,20
6014,45,0,1
6015,25,1,9
6016,45,0,1
6017,35,1,7
6018,35,0,1
6019,25,0,0
6020,50,0,16
6021,25,0,12
6022,25,0,17
6023,25,0,0
6024,25,0,12
6025,25,1,1
6026,35,0,6
6027,18,0,4
6028,18,0,4
6029,25,1,1
6030,25,0,17
6031,18,1,0
6032,45,0,7
6033,50,0,13
6034,25,0,14
6035,25,1,1
6036,25,1,15
6037,45,1,1
6038,56,1,1
6039,45,1,0
6040,25,0,6
